id_client,nom,prenom,email,date_naissance,sexe,ville,telephone,date_inscription,canal_acquisition
CL00000,Nom_0,Prenom_0,user0@test.com,2050-01-01,Homme,rabat,0600000000,2023-05-10,Facebook
CL00001,Nom_1,Prenom_1,user1@test.com,1993-05-01,Femme,tanger,0600000000,2023-05-10,Facebook
CL00002,Nom_2,Prenom_2,user2@test.com,1991-06-04,Homme,Tnja,0600000000,2023-05-10,Facebook
CL00003,Nom_3,Prenom_3,user3@test.com,1988-05-07,Homme,Tnja,0600000000,2023-05-10,Facebook
CL00004,Nom_4,Prenom_4,user4@test.com,1978-05-27,0,Tnja,0600000000,2023-05-10,Facebook
CL00005,Nom_5,Prenom_5,user5@test.com,1998-03-12,0,CASABLANCA,0600000000,2023-05-10,Facebook
CL00006,Nom_6,Prenom_6,user6@test.com,1991-09-19,m,rabat,0600000000,2023-05-10,Facebook
CL00007,Nom_7,Prenom_7,user7@test.com,1994-04-23,F,tanger,0600000000,2023-05-10,Facebook
CL00008,Nom_8,Prenom_8,user8@test.com,1977-09-02,Femme,CASABLANCA,0600000000,2023-05-10,Facebook
CL00009,Nom_9,Prenom_9,user9@test.com,1982-03-04,0,CASABLANCA,0600000000,2023-05-10,Facebook
CL00010,Nom_10,Prenom_10,user10@test.com,2002-02-18,F,rabat,0600000000,2023-05-10,Facebook
CL00011,Nom_11,Prenom_11,user11@test.com,1979-02-16,Femme,tanger,0600000000,2023-05-10,Facebook
CL00012,Nom_12,Prenom_12,user12@test.com,1981-07-30,f,casa,0600000000,2023-05-10,Facebook
CL00013,Nom_13,Prenom_13,user13@test.com,1979-01-31,1,casa,0600000000,2023-05-10,Facebook
CL00014,Nom_14,Prenom_14,user14@test.com,1978-02-25,0,rabat,0600000000,2023-05-10,Facebook
CL00015,Nom_15,Prenom_15,user15@test.com,1976-06-16,f,casa,0600000000,2023-05-10,Facebook
CL00016,Nom_16,Prenom_16,user16@test.com,1976-06-17,0,TNG,0600000000,2023-05-10,Facebook
CL00017,Nom_17,Prenom_17,user17@test.com,2002-02-11,F,CASABLANCA,0600000000,2023-05-10,Facebook
CL00018,Nom_18,Prenom_18,faux_email_sans_arobase_ni_domaine,1979-10-24,F,Tnja,0600000000,2023-05-10,Facebook
CL00019,Nom_19,Prenom_19,user19@test.com,1981-07-06,f,Tnja,0600000000,2023-05-10,Facebook
CL00020,Nom_20,Prenom_20,user20@test.com,1977-06-03,1,CASABLANCA,0600000000,2023-05-10,Facebook
CL00021,Nom_21,Prenom_21,user21@test.com,1994-04-04,Homme,casa,0600000000,2023-05-10,Facebook
CL00022,Nom_22,Prenom_22,user22@test.com,2001-09-19,Femme,rabat,0600000000,2023-05-10,Facebook
CL00023,Nom_23,Prenom_23,user23@test.com,1982-05-17,M,CASABLANCA,0600000000,2023-05-10,Facebook
CL00024,Nom_24,Prenom_24,user24@test.com,1985-11-27,F,TNG,0600000000,2023-05-10,Facebook
CL00025,Nom_25,Prenom_25,user25@test.com,1980-06-16,1,CASABLANCA,0600000000,2023-05-10,Facebook
CL00026,Nom_26,Prenom_26,user26@test.com,1996-07-03,0,rabat,0600000000,2023-05-10,Facebook
CL00027,Nom_27,Prenom_27,user27@test.com,1976-07-03,f,rabat,0600000000,2023-05-10,Facebook
CL00028,Nom_28,Prenom_28,user28@test.com,1993-11-26,1,tanger,0600000000,2023-05-10,Facebook
CL00029,Nom_29,Prenom_29,user29@test.com,1991-08-12,Homme,casa,0600000000,2023-05-10,Facebook
CL00030,Nom_30,Prenom_30,user30@test.com,1979-03-02,Femme,CASABLANCA,0600000000,2023-05-10,Facebook
CL00031,Nom_31,Prenom_31,user31@test.com,1976-04-26,M,rabat,0600000000,2023-05-10,Facebook
CL00032,Nom_32,Prenom_32,user32@test.com,1987-02-03,f,rabat,0600000000,2023-05-10,Facebook
CL00033,Nom_33,Prenom_33,user33@test.com,1995-10-08,Femme,tanger,0600000000,2023-05-10,Facebook
CL00034,Nom_34,Prenom_34,user34@test.com,1990-05-01,m,TNG,0600000000,2023-05-10,Facebook
CL00035,Nom_35,Prenom_35,user35@test.com,1998-02-18,Homme,casa,0600000000,2023-05-10,Facebook
CL00036,Nom_36,Prenom_36,user36@test.com,1977-07-09,Femme,Tnja,0600000000,2023-05-10,Facebook
CL00037,Nom_37,Prenom_37,user37@test.com,1994-07-12,1,rabat,0600000000,2023-05-10,Facebook
CL00038,Nom_38,Prenom_38,user38@test.com,1989-04-30,F,CASABLANCA,0600000000,2023-05-10,Facebook
CL00039,Nom_39,Prenom_39,user39@test.com,1982-05-24,1,casa,0600000000,2023-05-10,Facebook
CL00040,Nom_40,Prenom_40,user40@test.com,1998-10-31,m,casa,0600000000,2023-05-10,Facebook
CL00041,Nom_41,Prenom_41,user41@test.com,1997-04-19,1,tanger,0600000000,2023-05-10,Facebook
CL00042,Nom_42,Prenom_42,user42@test.com,1984-08-12,f,CASABLANCA,0600000000,2023-05-10,Facebook
CL00043,Nom_43,Prenom_43,user43@test.com,1980-07-31,m,TNG,0600000000,2023-05-10,Facebook
CL00044,Nom_44,Prenom_44,user44@test.com,1981-08-05,F,rabat,0600000000,2023-05-10,Facebook
CL00045,Nom_45,Prenom_45,user45@test.com,1990-04-27,m,tanger,0600000000,2023-05-10,Facebook
CL00046,Nom_46,Prenom_46,user46@test.com,1976-09-07,Homme,rabat,0600000000,2023-05-10,Facebook
CL00047,Nom_47,Prenom_47,user47@test.com,1984-08-22,f,rabat,0600000000,2023-05-10,Facebook
CL00048,Nom_48,Prenom_48,user48@test.com,1986-08-25,f,CASABLANCA,0600000000,2023-05-10,Facebook
CL00049,Nom_49,Prenom_49,user49@test.com,1976-06-18,1,casa,0600000000,2023-05-10,Facebook
CL00050,Nom_50,Prenom_50,user50@test.com,1989-10-02,1,TNG,0600000000,2023-05-10,Facebook
CL00051,Nom_51,Prenom_51,user51@test.com,1997-06-27,0,casa,0600000000,2023-05-10,Facebook
CL00052,Nom_52,Prenom_52,user52@test.com,1985-04-16,f,Tnja,0600000000,2023-05-10,Facebook
CL00053,Nom_53,Prenom_53,user53@test.com,1998-04-03,M,rabat,0600000000,2023-05-10,Facebook
CL00054,Nom_54,Prenom_54,user54@test.com,1987-01-25,Femme,Tnja,0600000000,2023-05-10,Facebook
CL00055,Nom_55,Prenom_55,user55@test.com,1979-09-18,f,Tnja,0600000000,2023-05-10,Facebook
CL00056,Nom_56,Prenom_56,user56@test.com,1997-05-08,f,tanger,0600000000,2023-05-10,Facebook
CL00057,Nom_57,Prenom_57,user57@test.com,1982-04-21,Homme,CASABLANCA,0600000000,2023-05-10,Facebook
CL00058,Nom_58,Prenom_58,user58@test.com,1800-05-05,0,TNG,0600000000,2023-05-10,Facebook
CL00059,Nom_59,Prenom_59,user59@test.com,1983-12-29,1,rabat,0600000000,2023-05-10,Facebook
CL00060,Nom_60,Prenom_60,user60@test.com,1977-07-20,F,CASABLANCA,0600000000,2023-05-10,Facebook
CL00061,Nom_61,Prenom_61,user61@test.com,1995-05-28,1,casa,0600000000,2023-05-10,Facebook
CL00062,Nom_62,Prenom_62,user62@test.com,1977-12-20,Femme,casa,0600000000,2023-05-10,Facebook
CL00063,Nom_63,Prenom_63,user63@test.com,1998-10-24,m,tanger,0600000000,2023-05-10,Facebook
CL00064,Nom_64,Prenom_64,user64@test.com,2000-06-27,Homme,tanger,0600000000,2023-05-10,Facebook
CL00065,Nom_65,Prenom_65,user65@test.com,1996-04-25,Homme,Tnja,0600000000,2023-05-10,Facebook
CL00066,Nom_66,Prenom_66,user66@test.com,1997-12-07,0,Tnja,0600000000,2023-05-10,Facebook
CL00067,Nom_67,Prenom_67,user67@test.com,1980-07-29,f,Tnja,0600000000,2023-05-10,Facebook
CL00068,Nom_68,Prenom_68,user68@test.com,2002-02-02,M,Tnja,0600000000,2023-05-10,Facebook
CL00069,Nom_69,Prenom_69,user69@test.com,1988-12-01,1,tanger,0600000000,2023-05-10,Facebook
CL00070,Nom_70,Prenom_70,user70@test.com,1978-10-24,F,CASABLANCA,0600000000,2023-05-10,Facebook
CL00071,Nom_71,Prenom_71,user71@test.com,1983-12-01,F,CASABLANCA,0600000000,2023-05-10,Facebook
CL00072,Nom_72,Prenom_72,user72@test.com,2002-02-01,F,casa,0600000000,2023-05-10,Facebook
CL00073,Nom_73,Prenom_73,user73@test.com,2001-08-11,0,casa,0600000000,2023-05-10,Facebook
CL00074,Nom_74,Prenom_74,user74@test.com,1990-01-13,Femme,rabat,0600000000,2023-05-10,Facebook
CL00075,Nom_75,Prenom_75,faux_email_sans_arobase_ni_domaine,1985-11-18,f,Tnja,0600000000,2023-05-10,Facebook
CL00076,Nom_76,Prenom_76,user76@test.com,1988-08-08,F,Tnja,0600000000,2023-05-10,Facebook
CL00077,Nom_77,Prenom_77,user77@test.com,1996-12-09,F,Tnja,0600000000,2023-05-10,Facebook
CL00078,Nom_78,Prenom_78,user78@test.com,1989-04-09,f,CASABLANCA,0600000000,2023-05-10,Facebook
CL00079,Nom_79,Prenom_79,user79@test.com,1996-02-10,Femme,CASABLANCA,0600000000,2023-05-10,Facebook
CL00080,Nom_80,Prenom_80,user80@test.com,1983-01-14,F,Tnja,0600000000,2023-05-10,Facebook
CL00081,Nom_81,Prenom_81,user81@test.com,1985-08-10,m,CASABLANCA,0600000000,2023-05-10,Facebook
CL00082,Nom_82,Prenom_82,faux_email_sans_arobase_ni_domaine,1999-08-13,f,Tnja,0600000000,2023-05-10,Facebook
CL00083,Nom_83,Prenom_83,user83@test.com,1980-10-28,F,Tnja,0600000000,2023-05-10,Facebook
CL00084,Nom_84,Prenom_84,user84@test.com,2002-09-10,F,Tnja,0600000000,2023-05-10,Facebook
CL00085,Nom_85,Prenom_85,user85@test.com,1977-02-10,F,TNG,0600000000,2023-05-10,Facebook
CL00086,Nom_86,Prenom_86,user86@test.com,1987-05-16,0,casa,0600000000,2023-05-10,Facebook
CL00087,Nom_87,Prenom_87,user87@test.com,1993-07-19,F,tanger,0600000000,2023-05-10,Facebook
CL00088,Nom_88,Prenom_88,user88@test.com,1982-10-28,F,TNG,0600000000,2023-05-10,Facebook
CL00089,Nom_89,Prenom_89,user89@test.com,1996-05-01,Homme,CASABLANCA,0600000000,2023-05-10,Facebook
CL00090,Nom_90,Prenom_90,user90@test.com,1980-09-20,Femme,Tnja,0600000000,2023-05-10,Facebook
CL00091,Nom_91,Prenom_91,user91@test.com,1981-10-16,1,casa,0600000000,2023-05-10,Facebook
CL00092,Nom_92,Prenom_92,user92@test.com,1999-01-06,1,Tnja,0600000000,2023-05-10,Facebook
CL00093,Nom_93,Prenom_93,user93@test.com,1978-07-26,Homme,casa,0600000000,2023-05-10,Facebook
CL00094,Nom_94,Prenom_94,user94@test.com,1997-07-08,F,CASABLANCA,0600000000,2023-05-10,Facebook
CL00095,Nom_95,Prenom_95,user95@test.com,1993-07-28,Femme,rabat,0600000000,2023-05-10,Facebook
CL00096,Nom_96,Prenom_96,user96@test.com,1990-02-02,0,TNG,0600000000,2023-05-10,Facebook
CL00097,Nom_97,Prenom_97,user97@test.com,1983-04-23,0,casa,0600000000,2023-05-10,Facebook
CL00098,Nom_98,Prenom_98,user98@test.com,1982-01-19,1,rabat,0600000000,2023-05-10,Facebook
CL00099,Nom_99,Prenom_99,user99@test.com,1978-05-10,F,Tnja,0600000000,2023-05-10,Facebook
CL00100,Nom_100,Prenom_100,user100@test.com,1977-11-05,Homme,TNG,0600000000,2023-05-10,Facebook
CL00101,Nom_101,Prenom_101,user101@test.com,1999-08-18,Homme,TNG,0600000000,2023-05-10,Facebook
CL00102,Nom_102,Prenom_102,user102@test.com,1994-06-12,M,tanger,0600000000,2023-05-10,Facebook
CL00103,Nom_103,Prenom_103,user103@test.com,1995-01-03,Femme,tanger,0600000000,2023-05-10,Facebook
CL00104,Nom_104,Prenom_104,user104@test.com,2003-08-31,Femme,TNG,0600000000,2023-05-10,Facebook
CL00105,Nom_105,Prenom_105,user105@test.com,1977-03-31,Homme,CASABLANCA,0600000000,2023-05-10,Facebook
CL00106,Nom_106,Prenom_106,user106@test.com,1983-09-28,m,casa,0600000000,2023-05-10,Facebook
CL00107,Nom_107,Prenom_107,user107@test.com,1981-04-02,M,casa,0600000000,2023-05-10,Facebook
CL00108,Nom_108,Prenom_108,user108@test.com,1999-09-15,M,casa,0600000000,2023-05-10,Facebook
CL00109,Nom_109,Prenom_109,user109@test.com,2000-12-01,m,tanger,0600000000,2023-05-10,Facebook
CL00110,Nom_110,Prenom_110,user110@test.com,2000-10-17,Femme,CASABLANCA,0600000000,2023-05-10,Facebook
CL00111,Nom_111,Prenom_111,user111@test.com,1983-05-30,M,casa,0600000000,2023-05-10,Facebook
CL00112,Nom_112,Prenom_112,user112@test.com,1999-04-01,Homme,CASABLANCA,0600000000,2023-05-10,Facebook
CL00113,Nom_113,Prenom_113,user113@test.com,1977-12-04,Homme,Tnja,0600000000,2023-05-10,Facebook
CL00114,Nom_114,Prenom_114,user114@test.com,2000-02-28,F,TNG,0600000000,2023-05-10,Facebook
CL00115,Nom_115,Prenom_115,user115@test.com,1991-06-22,0,Tnja,0600000000,2023-05-10,Facebook
CL00116,Nom_116,Prenom_116,user116@test.com,1997-03-21,0,casa,0600000000,2023-05-10,Facebook
CL00117,Nom_117,Prenom_117,user117@test.com,1985-09-14,M,Tnja,0600000000,2023-05-10,Facebook
CL00118,Nom_118,Prenom_118,user118@test.com,1978-01-27,1,TNG,0600000000,2023-05-10,Facebook
CL00119,Nom_119,Prenom_119,user119@test.com,1983-07-11,f,CASABLANCA,0600000000,2023-05-10,Facebook
CL00120,Nom_120,Prenom_120,user120@test.com,1997-04-25,0,casa,0600000000,2023-05-10,Facebook
CL00121,Nom_121,Prenom_121,user121@test.com,1996-04-02,F,casa,0600000000,2023-05-10,Facebook
CL00122,Nom_122,Prenom_122,user122@test.com,1984-02-03,F,Tnja,0600000000,2023-05-10,Facebook
CL00123,Nom_123,Prenom_123,user123@test.com,1993-03-04,F,CASABLANCA,0600000000,2023-05-10,Facebook
CL00124,Nom_124,Prenom_124,user124@test.com,1994-04-28,1,rabat,0600000000,2023-05-10,Facebook
CL00125,Nom_125,Prenom_125,user125@test.com,1994-07-19,1,TNG,0600000000,2023-05-10,Facebook
CL00126,Nom_126,Prenom_126,user126@test.com,1996-02-18,M,tanger,0600000000,2023-05-10,Facebook
CL00127,Nom_127,Prenom_127,faux_email_sans_arobase_ni_domaine,1982-09-05,Homme,tanger,0600000000,2023-05-10,Facebook
CL00128,Nom_128,Prenom_128,user128@test.com,1993-06-01,0,casa,0600000000,2023-05-10,Facebook
CL00129,Nom_129,Prenom_129,user129@test.com,1983-07-20,f,CASABLANCA,0600000000,2023-05-10,Facebook
CL00130,Nom_130,Prenom_130,user130@test.com,1987-09-01,Femme,Tnja,0600000000,2023-05-10,Facebook
CL00131,Nom_131,Prenom_131,user131@test.com,1800-05-05,m,CASABLANCA,0600000000,2023-05-10,Facebook
CL00132,Nom_132,Prenom_132,user132@test.com,1983-10-05,1,TNG,0600000000,2023-05-10,Facebook
CL00133,Nom_133,Prenom_133,user133@test.com,1993-09-12,1,tanger,0600000000,2023-05-10,Facebook
CL00134,Nom_134,Prenom_134,user134@test.com,1980-03-24,m,Tnja,0600000000,2023-05-10,Facebook
CL00135,Nom_135,Prenom_135,user135@test.com,1996-04-13,Femme,Tnja,0600000000,2023-05-10,Facebook
CL00136,Nom_136,Prenom_136,user136@test.com,1998-03-04,M,rabat,0600000000,2023-05-10,Facebook
CL00137,Nom_137,Prenom_137,user137@test.com,1977-08-07,1,tanger,0600000000,2023-05-10,Facebook
CL00138,Nom_138,Prenom_138,user138@test.com,1989-05-13,m,Tnja,0600000000,2023-05-10,Facebook
CL00139,Nom_139,Prenom_139,user139@test.com,1986-09-07,Homme,CASABLANCA,0600000000,2023-05-10,Facebook
CL00140,Nom_140,Prenom_140,user140@test.com,1991-02-20,Homme,rabat,0600000000,2023-05-10,Facebook
CL00141,Nom_141,Prenom_141,user141@test.com,1981-07-15,0,Tnja,0600000000,2023-05-10,Facebook
CL00142,Nom_142,Prenom_142,user142@test.com,1989-12-18,f,CASABLANCA,0600000000,2023-05-10,Facebook
CL00143,Nom_143,Prenom_143,user143@test.com,1985-11-06,0,rabat,0600000000,2023-05-10,Facebook
CL00144,Nom_144,Prenom_144,user144@test.com,2000-12-15,f,Tnja,0600000000,2023-05-10,Facebook
CL00145,Nom_145,Prenom_145,user145@test.com,1976-08-16,1,Tnja,0600000000,2023-05-10,Facebook
CL00146,Nom_146,Prenom_146,user146@test.com,1993-02-11,1,Tnja,0600000000,2023-05-10,Facebook
CL00147,Nom_147,Prenom_147,user147@test.com,1995-04-13,Femme,TNG,0600000000,2023-05-10,Facebook
CL00148,Nom_148,Prenom_148,user148@test.com,1993-07-23,m,casa,0600000000,2023-05-10,Facebook
CL00149,Nom_149,Prenom_149,user149@test.com,1800-05-05,Femme,casa,0600000000,2023-05-10,Facebook
CL00150,Nom_150,Prenom_150,user150@test.com,1984-05-08,Femme,casa,0600000000,2023-05-10,Facebook
CL00151,Nom_151,Prenom_151,user151@test.com,1991-09-26,0,TNG,0600000000,2023-05-10,Facebook
CL00152,Nom_152,Prenom_152,user152@test.com,1983-07-15,f,casa,0600000000,2023-05-10,Facebook
CL00153,Nom_153,Prenom_153,user153@test.com,1982-01-09,m,rabat,0600000000,2023-05-10,Facebook
CL00154,Nom_154,Prenom_154,user154@test.com,1996-07-30,m,casa,0600000000,2023-05-10,Facebook
CL00155,Nom_155,Prenom_155,user155@test.com,1996-08-30,f,TNG,0600000000,2023-05-10,Facebook
CL00156,Nom_156,Prenom_156,user156@test.com,1993-11-16,1,rabat,0600000000,2023-05-10,Facebook
CL00157,Nom_157,Prenom_157,user157@test.com,1976-06-06,f,casa,0600000000,2023-05-10,Facebook
CL00158,Nom_158,Prenom_158,user158@test.com,1993-07-18,Femme,Tnja,0600000000,2023-05-10,Facebook
CL00159,Nom_159,Prenom_159,user159@test.com,1992-07-25,0,rabat,0600000000,2023-05-10,Facebook
CL00160,Nom_160,Prenom_160,user160@test.com,1987-07-15,M,CASABLANCA,0600000000,2023-05-10,Facebook
CL00161,Nom_161,Prenom_161,user161@test.com,1800-05-05,Femme,tanger,0600000000,2023-05-10,Facebook
CL00162,Nom_162,Prenom_162,user162@test.com,1998-03-30,1,Tnja,0600000000,2023-05-10,Facebook
CL00163,Nom_163,Prenom_163,user163@test.com,1984-04-04,Homme,CASABLANCA,0600000000,2023-05-10,Facebook
CL00164,Nom_164,Prenom_164,user164@test.com,1984-01-17,f,Tnja,0600000000,2023-05-10,Facebook
CL00165,Nom_165,Prenom_165,user165@test.com,1987-04-27,1,rabat,0600000000,2023-05-10,Facebook
CL00166,Nom_166,Prenom_166,user166@test.com,1991-01-21,0,casa,0600000000,2023-05-10,Facebook
CL00167,Nom_167,Prenom_167,user167@test.com,1993-05-24,Homme,CASABLANCA,0600000000,2023-05-10,Facebook
CL00168,Nom_168,Prenom_168,user168@test.com,2050-01-01,M,rabat,0600000000,2023-05-10,Facebook
CL00169,Nom_169,Prenom_169,user169@test.com,1996-01-05,m,rabat,0600000000,2023-05-10,Facebook
CL00170,Nom_170,Prenom_170,user170@test.com,1988-10-16,Homme,casa,0600000000,2023-05-10,Facebook
CL00171,Nom_171,Prenom_171,user171@test.com,1977-10-28,M,CASABLANCA,0600000000,2023-05-10,Facebook
CL00172,Nom_172,Prenom_172,user172@test.com,1999-12-28,M,Tnja,0600000000,2023-05-10,Facebook
CL00173,Nom_173,Prenom_173,user173@test.com,1992-01-02,m,rabat,0600000000,2023-05-10,Facebook
CL00174,Nom_174,Prenom_174,user174@test.com,1989-03-26,F,tanger,0600000000,2023-05-10,Facebook
CL00175,Nom_175,Prenom_175,user175@test.com,1999-10-15,M,casa,0600000000,2023-05-10,Facebook
CL00176,Nom_176,Prenom_176,user176@test.com,1986-01-11,m,casa,0600000000,2023-05-10,Facebook
CL00177,Nom_177,Prenom_177,user177@test.com,1984-06-04,f,casa,0600000000,2023-05-10,Facebook
CL00178,Nom_178,Prenom_178,user178@test.com,1990-10-01,0,casa,0600000000,2023-05-10,Facebook
CL00179,Nom_179,Prenom_179,user179@test.com,1978-04-29,Homme,Tnja,0600000000,2023-05-10,Facebook
CL00180,Nom_180,Prenom_180,user180@test.com,1977-11-17,f,CASABLANCA,0600000000,2023-05-10,Facebook
CL00181,Nom_181,Prenom_181,user181@test.com,1980-08-28,Homme,tanger,0600000000,2023-05-10,Facebook
CL00182,Nom_182,Prenom_182,user182@test.com,1979-12-13,F,casa,0600000000,2023-05-10,Facebook
CL00183,Nom_183,Prenom_183,user183@test.com,1976-09-13,0,TNG,0600000000,2023-05-10,Facebook
CL00184,Nom_184,Prenom_184,user184@test.com,1995-11-28,Femme,TNG,0600000000,2023-05-10,Facebook
CL00185,Nom_185,Prenom_185,user185@test.com,1979-12-13,m,Tnja,0600000000,2023-05-10,Facebook
CL00186,Nom_186,Prenom_186,user186@test.com,2001-03-29,F,TNG,0600000000,2023-05-10,Facebook
CL00187,Nom_187,Prenom_187,user187@test.com,1976-06-29,1,TNG,0600000000,2023-05-10,Facebook
CL00188,Nom_188,Prenom_188,user188@test.com,1977-01-23,F,Tnja,0600000000,2023-05-10,Facebook
CL00189,Nom_189,Prenom_189,user189@test.com,1985-05-04,Homme,casa,0600000000,2023-05-10,Facebook
CL00190,Nom_190,Prenom_190,user190@test.com,1978-07-29,1,tanger,0600000000,2023-05-10,Facebook
CL00191,Nom_191,Prenom_191,user191@test.com,1987-05-22,M,Tnja,0600000000,2023-05-10,Facebook
CL00192,Nom_192,Prenom_192,user192@test.com,1992-07-17,f,Tnja,0600000000,2023-05-10,Facebook
CL00193,Nom_193,Prenom_193,user193@test.com,1977-11-06,f,TNG,0600000000,2023-05-10,Facebook
CL00194,Nom_194,Prenom_194,user194@test.com,1979-10-02,m,Tnja,0600000000,2023-05-10,Facebook
CL00195,Nom_195,Prenom_195,user195@test.com,1993-05-05,F,CASABLANCA,0600000000,2023-05-10,Facebook
CL00196,Nom_196,Prenom_196,user196@test.com,1992-11-28,Femme,TNG,0600000000,2023-05-10,Facebook
CL00197,Nom_197,Prenom_197,user197@test.com,1991-06-26,m,TNG,0600000000,2023-05-10,Facebook
CL00198,Nom_198,Prenom_198,user198@test.com,2002-07-16,0,casa,0600000000,2023-05-10,Facebook
CL00199,Nom_199,Prenom_199,user199@test.com,1981-06-20,m,CASABLANCA,0600000000,2023-05-10,Facebook
CL00200,Nom_200,Prenom_200,user200@test.com,1976-11-13,1,tanger,0600000000,2023-05-10,Facebook
CL00201,Nom_201,Prenom_201,user201@test.com,1988-07-25,1,TNG,0600000000,2023-05-10,Facebook
CL00202,Nom_202,Prenom_202,user202@test.com,1978-01-19,F,rabat,0600000000,2023-05-10,Facebook
CL00203,Nom_203,Prenom_203,user203@test.com,1985-05-03,f,CASABLANCA,0600000000,2023-05-10,Facebook
CL00204,Nom_204,Prenom_204,user204@test.com,1980-04-12,f,CASABLANCA,0600000000,2023-05-10,Facebook
CL00205,Nom_205,Prenom_205,user205@test.com,1993-04-19,f,tanger,0600000000,2023-05-10,Facebook
CL00206,Nom_206,Prenom_206,user206@test.com,1980-11-02,Femme,rabat,0600000000,2023-05-10,Facebook
CL00207,Nom_207,Prenom_207,user207@test.com,2000-09-05,m,tanger,0600000000,2023-05-10,Facebook
CL00208,Nom_208,Prenom_208,user208@test.com,1979-05-07,m,CASABLANCA,0600000000,2023-05-10,Facebook
CL00209,Nom_209,Prenom_209,user209@test.com,1997-04-13,F,Tnja,0600000000,2023-05-10,Facebook
CL00210,Nom_210,Prenom_210,faux_email_sans_arobase_ni_domaine,1994-02-19,0,rabat,0600000000,2023-05-10,Facebook
CL00211,Nom_211,Prenom_211,user211@test.com,1996-08-23,F,Tnja,0600000000,2023-05-10,Facebook
CL00212,Nom_212,Prenom_212,user212@test.com,1999-01-02,M,CASABLANCA,0600000000,2023-05-10,Facebook
CL00213,Nom_213,Prenom_213,user213@test.com,1977-03-16,F,Tnja,0600000000,2023-05-10,Facebook
CL00214,Nom_214,Prenom_214,user214@test.com,2003-02-22,m,tanger,0600000000,2023-05-10,Facebook
CL00215,Nom_215,Prenom_215,user215@test.com,1992-10-14,0,rabat,0600000000,2023-05-10,Facebook
CL00216,Nom_216,Prenom_216,user216@test.com,1996-10-04,Homme,TNG,0600000000,2023-05-10,Facebook
CL00217,Nom_217,Prenom_217,user217@test.com,1990-11-05,F,CASABLANCA,0600000000,2023-05-10,Facebook
CL00218,Nom_218,Prenom_218,user218@test.com,1981-05-20,1,CASABLANCA,0600000000,2023-05-10,Facebook
CL00219,Nom_219,Prenom_219,user219@test.com,1979-06-12,M,casa,0600000000,2023-05-10,Facebook
CL00220,Nom_220,Prenom_220,user220@test.com,1978-01-25,F,rabat,0600000000,2023-05-10,Facebook
CL00221,Nom_221,Prenom_221,user221@test.com,1988-10-27,m,TNG,0600000000,2023-05-10,Facebook
CL00222,Nom_222,Prenom_222,user222@test.com,1997-09-30,0,Tnja,0600000000,2023-05-10,Facebook
CL00223,Nom_223,Prenom_223,user223@test.com,1993-07-12,m,Tnja,0600000000,2023-05-10,Facebook
CL00224,Nom_224,Prenom_224,user224@test.com,1984-07-31,M,TNG,0600000000,2023-05-10,Facebook
CL00225,Nom_225,Prenom_225,user225@test.com,1995-02-13,f,TNG,0600000000,2023-05-10,Facebook
CL00226,Nom_226,Prenom_226,user226@test.com,1977-02-16,Homme,rabat,0600000000,2023-05-10,Facebook
CL00227,Nom_227,Prenom_227,user227@test.com,2002-12-10,Femme,CASABLANCA,0600000000,2023-05-10,Facebook
CL00228,Nom_228,Prenom_228,user228@test.com,2000-03-07,M,tanger,0600000000,2023-05-10,Facebook
CL00229,Nom_229,Prenom_229,user229@test.com,1998-09-01,Femme,Tnja,0600000000,2023-05-10,Facebook
CL00230,Nom_230,Prenom_230,user230@test.com,1998-04-17,Homme,CASABLANCA,0600000000,2023-05-10,Facebook
CL00231,Nom_231,Prenom_231,user231@test.com,1991-03-27,M,rabat,0600000000,2023-05-10,Facebook
CL00232,Nom_232,Prenom_232,user232@test.com,1983-07-17,Femme,rabat,0600000000,2023-05-10,Facebook
CL00233,Nom_233,Prenom_233,user233@test.com,1995-12-21,m,CASABLANCA,0600000000,2023-05-10,Facebook
CL00234,Nom_234,Prenom_234,user234@test.com,1986-04-06,F,casa,0600000000,2023-05-10,Facebook
CL00235,Nom_235,Prenom_235,user235@test.com,1976-08-08,F,CASABLANCA,0600000000,2023-05-10,Facebook
CL00236,Nom_236,Prenom_236,user236@test.com,1991-07-26,F,rabat,0600000000,2023-05-10,Facebook
CL00237,Nom_237,Prenom_237,user237@test.com,2002-01-01,m,casa,0600000000,2023-05-10,Facebook
CL00238,Nom_238,Prenom_238,user238@test.com,1981-02-22,F,casa,0600000000,2023-05-10,Facebook
CL00239,Nom_239,Prenom_239,user239@test.com,2002-07-16,0,TNG,0600000000,2023-05-10,Facebook
CL00240,Nom_240,Prenom_240,user240@test.com,2002-12-14,Femme,rabat,0600000000,2023-05-10,Facebook
CL00241,Nom_241,Prenom_241,user241@test.com,1981-12-22,M,TNG,0600000000,2023-05-10,Facebook
CL00242,Nom_242,Prenom_242,user242@test.com,1991-07-04,f,TNG,0600000000,2023-05-10,Facebook
CL00243,Nom_243,Prenom_243,user243@test.com,1989-06-19,1,rabat,0600000000,2023-05-10,Facebook
CL00244,Nom_244,Prenom_244,user244@test.com,1996-04-10,Homme,Tnja,0600000000,2023-05-10,Facebook
CL00245,Nom_245,Prenom_245,user245@test.com,1995-09-09,F,tanger,0600000000,2023-05-10,Facebook
CL00246,Nom_246,Prenom_246,user246@test.com,1981-07-07,Femme,Tnja,0600000000,2023-05-10,Facebook
CL00247,Nom_247,Prenom_247,user247@test.com,1979-12-11,f,rabat,0600000000,2023-05-10,Facebook
CL00248,Nom_248,Prenom_248,user248@test.com,2000-01-17,Femme,tanger,0600000000,2023-05-10,Facebook
CL00249,Nom_249,Prenom_249,user249@test.com,1990-05-03,M,TNG,0600000000,2023-05-10,Facebook
CL00250,Nom_250,Prenom_250,user250@test.com,1981-03-24,f,rabat,0600000000,2023-05-10,Facebook
CL00251,Nom_251,Prenom_251,user251@test.com,1979-09-29,F,Tnja,0600000000,2023-05-10,Facebook
CL00252,Nom_252,Prenom_252,user252@test.com,1987-04-03,Homme,tanger,0600000000,2023-05-10,Facebook
CL00253,Nom_253,Prenom_253,user253@test.com,2002-01-31,F,rabat,0600000000,2023-05-10,Facebook
CL00254,Nom_254,Prenom_254,user254@test.com,1979-07-16,1,tanger,0600000000,2023-05-10,Facebook
CL00255,Nom_255,Prenom_255,user255@test.com,1985-06-09,f,TNG,0600000000,2023-05-10,Facebook
CL00256,Nom_256,Prenom_256,user256@test.com,1992-06-13,F,TNG,0600000000,2023-05-10,Facebook
CL00257,Nom_257,Prenom_257,user257@test.com,1990-08-29,Femme,Tnja,0600000000,2023-05-10,Facebook
CL00258,Nom_258,Prenom_258,user258@test.com,1982-03-27,m,casa,0600000000,2023-05-10,Facebook
CL00259,Nom_259,Prenom_259,user259@test.com,1994-07-24,Homme,casa,0600000000,2023-05-10,Facebook
CL00260,Nom_260,Prenom_260,faux_email_sans_arobase_ni_domaine,2001-11-03,M,TNG,0600000000,2023-05-10,Facebook
CL00261,Nom_261,Prenom_261,user261@test.com,1993-12-03,m,CASABLANCA,0600000000,2023-05-10,Facebook
CL00262,Nom_262,Prenom_262,user262@test.com,1989-10-15,Homme,casa,0600000000,2023-05-10,Facebook
CL00263,Nom_263,Prenom_263,user263@test.com,1997-03-01,M,casa,0600000000,2023-05-10,Facebook
CL00264,Nom_264,Prenom_264,user264@test.com,1985-03-31,Homme,rabat,0600000000,2023-05-10,Facebook
CL00265,Nom_265,Prenom_265,user265@test.com,1987-12-21,Homme,casa,0600000000,2023-05-10,Facebook
CL00266,Nom_266,Prenom_266,user266@test.com,1976-08-08,Femme,Tnja,0600000000,2023-05-10,Facebook
CL00267,Nom_267,Prenom_267,user267@test.com,1983-07-02,1,tanger,0600000000,2023-05-10,Facebook
CL00268,Nom_268,Prenom_268,user268@test.com,1992-09-17,f,rabat,0600000000,2023-05-10,Facebook
CL00269,Nom_269,Prenom_269,user269@test.com,1992-08-16,Homme,TNG,0600000000,2023-05-10,Facebook
CL00270,Nom_270,Prenom_270,user270@test.com,1985-02-22,F,casa,0600000000,2023-05-10,Facebook
CL00271,Nom_271,Prenom_271,user271@test.com,1997-08-21,F,TNG,0600000000,2023-05-10,Facebook
CL00272,Nom_272,Prenom_272,user272@test.com,1985-07-14,Femme,TNG,0600000000,2023-05-10,Facebook
CL00273,Nom_273,Prenom_273,user273@test.com,1995-10-14,1,CASABLANCA,0600000000,2023-05-10,Facebook
CL00274,Nom_274,Prenom_274,user274@test.com,1982-08-19,F,Tnja,0600000000,2023-05-10,Facebook
CL00275,Nom_275,Prenom_275,user275@test.com,1978-01-26,Homme,CASABLANCA,0600000000,2023-05-10,Facebook
CL00276,Nom_276,Prenom_276,user276@test.com,1997-01-12,1,rabat,0600000000,2023-05-10,Facebook
CL00277,Nom_277,Prenom_277,user277@test.com,1984-05-28,0,tanger,0600000000,2023-05-10,Facebook
CL00278,Nom_278,Prenom_278,faux_email_sans_arobase_ni_domaine,1982-10-17,1,CASABLANCA,0600000000,2023-05-10,Facebook
CL00279,Nom_279,Prenom_279,user279@test.com,2002-03-25,F,CASABLANCA,0600000000,2023-05-10,Facebook
CL00280,Nom_280,Prenom_280,user280@test.com,1994-04-19,0,rabat,0600000000,2023-05-10,Facebook
CL00281,Nom_281,Prenom_281,user281@test.com,1996-09-13,0,CASABLANCA,0600000000,2023-05-10,Facebook
CL00282,Nom_282,Prenom_282,user282@test.com,1978-04-25,m,tanger,0600000000,2023-05-10,Facebook
CL00283,Nom_283,Prenom_283,user283@test.com,1982-08-17,f,tanger,0600000000,2023-05-10,Facebook
CL00284,Nom_284,Prenom_284,user284@test.com,1991-02-15,1,CASABLANCA,0600000000,2023-05-10,Facebook
CL00285,Nom_285,Prenom_285,user285@test.com,1800-05-05,Homme,rabat,0600000000,2023-05-10,Facebook
CL00286,Nom_286,Prenom_286,user286@test.com,1978-05-05,Homme,rabat,0600000000,2023-05-10,Facebook
CL00287,Nom_287,Prenom_287,user287@test.com,1986-11-22,F,tanger,0600000000,2023-05-10,Facebook
CL00288,Nom_288,Prenom_288,user288@test.com,1993-12-28,f,TNG,0600000000,2023-05-10,Facebook
CL00289,Nom_289,Prenom_289,user289@test.com,1800-05-05,Homme,tanger,0600000000,2023-05-10,Facebook
CL00290,Nom_290,Prenom_290,user290@test.com,1984-07-11,1,rabat,0600000000,2023-05-10,Facebook
CL00291,Nom_291,Prenom_291,user291@test.com,1998-12-24,F,Tnja,0600000000,2023-05-10,Facebook
CL00292,Nom_292,Prenom_292,user292@test.com,1986-05-14,Homme,TNG,0600000000,2023-05-10,Facebook
CL00293,Nom_293,Prenom_293,user293@test.com,1985-04-05,0,Tnja,0600000000,2023-05-10,Facebook
CL00294,Nom_294,Prenom_294,user294@test.com,1993-03-03,M,CASABLANCA,0600000000,2023-05-10,Facebook
CL00295,Nom_295,Prenom_295,user295@test.com,1976-10-29,1,CASABLANCA,0600000000,2023-05-10,Facebook
CL00296,Nom_296,Prenom_296,user296@test.com,1989-12-19,0,rabat,0600000000,2023-05-10,Facebook
CL00297,Nom_297,Prenom_297,user297@test.com,1986-06-12,0,tanger,0600000000,2023-05-10,Facebook
CL00298,Nom_298,Prenom_298,user298@test.com,1984-07-08,Homme,casa,0600000000,2023-05-10,Facebook
CL00299,Nom_299,Prenom_299,user299@test.com,2002-12-06,f,TNG,0600000000,2023-05-10,Facebook
CL00300,Nom_300,Prenom_300,user300@test.com,1978-11-12,f,Tnja,0600000000,2023-05-10,Facebook
CL00301,Nom_301,Prenom_301,user301@test.com,1994-09-19,f,tanger,0600000000,2023-05-10,Facebook
CL00302,Nom_302,Prenom_302,user302@test.com,1800-05-05,m,CASABLANCA,0600000000,2023-05-10,Facebook
CL00303,Nom_303,Prenom_303,user303@test.com,2003-03-28,Femme,TNG,0600000000,2023-05-10,Facebook
CL00304,Nom_304,Prenom_304,user304@test.com,2000-02-21,F,casa,0600000000,2023-05-10,Facebook
CL00305,Nom_305,Prenom_305,user305@test.com,1985-04-03,M,Tnja,0600000000,2023-05-10,Facebook
CL00306,Nom_306,Prenom_306,user306@test.com,1995-10-15,Homme,rabat,0600000000,2023-05-10,Facebook
CL00307,Nom_307,Prenom_307,user307@test.com,1994-05-15,Homme,tanger,0600000000,2023-05-10,Facebook
CL00308,Nom_308,Prenom_308,user308@test.com,1989-09-18,1,tanger,0600000000,2023-05-10,Facebook
CL00309,Nom_309,Prenom_309,user309@test.com,2002-11-14,Femme,casa,0600000000,2023-05-10,Facebook
CL00310,Nom_310,Prenom_310,user310@test.com,1996-09-29,m,CASABLANCA,0600000000,2023-05-10,Facebook
CL00311,Nom_311,Prenom_311,user311@test.com,1976-12-10,M,casa,0600000000,2023-05-10,Facebook
CL00312,Nom_312,Prenom_312,user312@test.com,1997-05-24,0,CASABLANCA,0600000000,2023-05-10,Facebook
CL00313,Nom_313,Prenom_313,user313@test.com,1998-02-14,M,CASABLANCA,0600000000,2023-05-10,Facebook
CL00314,Nom_314,Prenom_314,user314@test.com,1996-06-27,Femme,casa,0600000000,2023-05-10,Facebook
CL00315,Nom_315,Prenom_315,user315@test.com,2000-07-11,1,rabat,0600000000,2023-05-10,Facebook
CL00316,Nom_316,Prenom_316,user316@test.com,1996-12-07,F,Tnja,0600000000,2023-05-10,Facebook
CL00317,Nom_317,Prenom_317,user317@test.com,1997-06-13,f,tanger,0600000000,2023-05-10,Facebook
CL00318,Nom_318,Prenom_318,user318@test.com,1989-10-04,F,CASABLANCA,0600000000,2023-05-10,Facebook
CL00319,Nom_319,Prenom_319,user319@test.com,1995-08-24,Homme,TNG,0600000000,2023-05-10,Facebook
CL00320,Nom_320,Prenom_320,user320@test.com,2001-10-23,Homme,TNG,0600000000,2023-05-10,Facebook
CL00321,Nom_321,Prenom_321,user321@test.com,1987-06-10,Homme,TNG,0600000000,2023-05-10,Facebook
CL00322,Nom_322,Prenom_322,user322@test.com,1996-08-14,f,CASABLANCA,0600000000,2023-05-10,Facebook
CL00323,Nom_323,Prenom_323,user323@test.com,2002-01-01,Homme,rabat,0600000000,2023-05-10,Facebook
CL00324,Nom_324,Prenom_324,user324@test.com,1990-10-29,f,CASABLANCA,0600000000,2023-05-10,Facebook
CL00325,Nom_325,Prenom_325,user325@test.com,1994-03-06,Homme,CASABLANCA,0600000000,2023-05-10,Facebook
CL00326,Nom_326,Prenom_326,user326@test.com,1986-06-25,1,rabat,0600000000,2023-05-10,Facebook
CL00327,Nom_327,Prenom_327,user327@test.com,1998-09-27,1,rabat,0600000000,2023-05-10,Facebook
CL00328,Nom_328,Prenom_328,user328@test.com,1993-03-17,1,tanger,0600000000,2023-05-10,Facebook
CL00329,Nom_329,Prenom_329,user329@test.com,1979-10-20,1,TNG,0600000000,2023-05-10,Facebook
CL00330,Nom_330,Prenom_330,user330@test.com,1979-02-14,M,CASABLANCA,0600000000,2023-05-10,Facebook
CL00331,Nom_331,Prenom_331,user331@test.com,2001-08-25,M,CASABLANCA,0600000000,2023-05-10,Facebook
CL00332,Nom_332,Prenom_332,user332@test.com,1993-02-13,m,rabat,0600000000,2023-05-10,Facebook
CL00333,Nom_333,Prenom_333,user333@test.com,1998-09-22,M,casa,0600000000,2023-05-10,Facebook
CL00334,Nom_334,Prenom_334,user334@test.com,1984-10-30,m,CASABLANCA,0600000000,2023-05-10,Facebook
CL00335,Nom_335,Prenom_335,user335@test.com,1993-07-20,0,TNG,0600000000,2023-05-10,Facebook
CL00336,Nom_336,Prenom_336,user336@test.com,1991-12-28,f,CASABLANCA,0600000000,2023-05-10,Facebook
CL00337,Nom_337,Prenom_337,user337@test.com,1988-12-25,m,TNG,0600000000,2023-05-10,Facebook
CL00338,Nom_338,Prenom_338,user338@test.com,1997-01-23,Homme,tanger,0600000000,2023-05-10,Facebook
CL00339,Nom_339,Prenom_339,user339@test.com,1978-05-30,f,Tnja,0600000000,2023-05-10,Facebook
CL00340,Nom_340,Prenom_340,user340@test.com,1998-04-22,Homme,rabat,0600000000,2023-05-10,Facebook
CL00341,Nom_341,Prenom_341,user341@test.com,2001-05-03,Femme,CASABLANCA,0600000000,2023-05-10,Facebook
CL00342,Nom_342,Prenom_342,user342@test.com,1986-06-13,m,tanger,0600000000,2023-05-10,Facebook
CL00343,Nom_343,Prenom_343,user343@test.com,1982-05-06,1,TNG,0600000000,2023-05-10,Facebook
CL00344,Nom_344,Prenom_344,user344@test.com,1800-05-05,M,TNG,0600000000,2023-05-10,Facebook
CL00345,Nom_345,Prenom_345,user345@test.com,1994-06-10,F,rabat,0600000000,2023-05-10,Facebook
CL00346,Nom_346,Prenom_346,user346@test.com,2050-01-01,F,TNG,0600000000,2023-05-10,Facebook
CL00347,Nom_347,Prenom_347,user347@test.com,1993-03-19,Homme,tanger,0600000000,2023-05-10,Facebook
CL00348,Nom_348,Prenom_348,user348@test.com,1982-12-28,Homme,rabat,0600000000,2023-05-10,Facebook
CL00349,Nom_349,Prenom_349,user349@test.com,1981-02-24,m,Tnja,0600000000,2023-05-10,Facebook
CL00350,Nom_350,Prenom_350,user350@test.com,1987-11-24,0,rabat,0600000000,2023-05-10,Facebook
CL00351,Nom_351,Prenom_351,faux_email_sans_arobase_ni_domaine,1985-09-21,Femme,rabat,0600000000,2023-05-10,Facebook
CL00352,Nom_352,Prenom_352,user352@test.com,1996-12-03,m,CASABLANCA,0600000000,2023-05-10,Facebook
CL00353,Nom_353,Prenom_353,user353@test.com,1999-06-09,1,rabat,0600000000,2023-05-10,Facebook
CL00354,Nom_354,Prenom_354,user354@test.com,1976-12-22,M,TNG,0600000000,2023-05-10,Facebook
CL00355,Nom_355,Prenom_355,user355@test.com,1995-04-15,f,casa,0600000000,2023-05-10,Facebook
CL00356,Nom_356,Prenom_356,user356@test.com,1978-05-31,F,casa,0600000000,2023-05-10,Facebook
CL00357,Nom_357,Prenom_357,user357@test.com,1990-03-12,0,casa,0600000000,2023-05-10,Facebook
CL00358,Nom_358,Prenom_358,user358@test.com,2000-05-29,0,CASABLANCA,0600000000,2023-05-10,Facebook
CL00359,Nom_359,Prenom_359,user359@test.com,2003-03-13,Homme,Tnja,0600000000,2023-05-10,Facebook
CL00360,Nom_360,Prenom_360,user360@test.com,1996-02-18,M,CASABLANCA,0600000000,2023-05-10,Facebook
CL00361,Nom_361,Prenom_361,user361@test.com,1989-03-24,Homme,CASABLANCA,0600000000,2023-05-10,Facebook
CL00362,Nom_362,Prenom_362,user362@test.com,1997-03-21,Homme,Tnja,0600000000,2023-05-10,Facebook
CL00363,Nom_363,Prenom_363,user363@test.com,2001-05-24,F,TNG,0600000000,2023-05-10,Facebook
CL00364,Nom_364,Prenom_364,user364@test.com,1997-08-31,M,CASABLANCA,0600000000,2023-05-10,Facebook
CL00365,Nom_365,Prenom_365,user365@test.com,1976-07-10,0,TNG,0600000000,2023-05-10,Facebook
CL00366,Nom_366,Prenom_366,user366@test.com,1979-11-03,M,CASABLANCA,0600000000,2023-05-10,Facebook
CL00367,Nom_367,Prenom_367,user367@test.com,1995-06-26,0,rabat,0600000000,2023-05-10,Facebook
CL00368,Nom_368,Prenom_368,user368@test.com,1985-02-07,F,tanger,0600000000,2023-05-10,Facebook
CL00369,Nom_369,Prenom_369,user369@test.com,1983-11-09,f,casa,0600000000,2023-05-10,Facebook
CL00370,Nom_370,Prenom_370,user370@test.com,1978-04-11,M,casa,0600000000,2023-05-10,Facebook
CL00371,Nom_371,Prenom_371,user371@test.com,1983-11-24,1,rabat,0600000000,2023-05-10,Facebook
CL00372,Nom_372,Prenom_372,user372@test.com,1997-04-07,F,tanger,0600000000,2023-05-10,Facebook
CL00373,Nom_373,Prenom_373,user373@test.com,1994-02-17,M,TNG,0600000000,2023-05-10,Facebook
CL00374,Nom_374,Prenom_374,user374@test.com,1999-09-30,Homme,tanger,0600000000,2023-05-10,Facebook
CL00375,Nom_375,Prenom_375,user375@test.com,2000-11-08,0,TNG,0600000000,2023-05-10,Facebook
CL00376,Nom_376,Prenom_376,user376@test.com,1998-04-20,m,CASABLANCA,0600000000,2023-05-10,Facebook
CL00377,Nom_377,Prenom_377,user377@test.com,2002-12-23,F,tanger,0600000000,2023-05-10,Facebook
CL00378,Nom_378,Prenom_378,user378@test.com,2050-01-01,Femme,CASABLANCA,0600000000,2023-05-10,Facebook
CL00379,Nom_379,Prenom_379,user379@test.com,1988-09-22,Homme,rabat,0600000000,2023-05-10,Facebook
CL00380,Nom_380,Prenom_380,user380@test.com,1993-07-17,F,rabat,0600000000,2023-05-10,Facebook
CL00381,Nom_381,Prenom_381,user381@test.com,1997-10-31,1,casa,0600000000,2023-05-10,Facebook
CL00382,Nom_382,Prenom_382,user382@test.com,1987-09-08,f,CASABLANCA,0600000000,2023-05-10,Facebook
CL00383,Nom_383,Prenom_383,user383@test.com,2002-10-04,F,CASABLANCA,0600000000,2023-05-10,Facebook
CL00384,Nom_384,Prenom_384,user384@test.com,1996-09-15,1,casa,0600000000,2023-05-10,Facebook
CL00385,Nom_385,Prenom_385,user385@test.com,2001-01-30,1,CASABLANCA,0600000000,2023-05-10,Facebook
CL00386,Nom_386,Prenom_386,user386@test.com,1988-12-07,Homme,Tnja,0600000000,2023-05-10,Facebook
CL00387,Nom_387,Prenom_387,user387@test.com,1992-02-14,1,tanger,0600000000,2023-05-10,Facebook
CL00388,Nom_388,Prenom_388,user388@test.com,2002-07-11,0,tanger,0600000000,2023-05-10,Facebook
CL00389,Nom_389,Prenom_389,user389@test.com,1977-11-07,Femme,tanger,0600000000,2023-05-10,Facebook
CL00390,Nom_390,Prenom_390,user390@test.com,2001-03-28,M,tanger,0600000000,2023-05-10,Facebook
CL00391,Nom_391,Prenom_391,user391@test.com,2003-05-05,f,casa,0600000000,2023-05-10,Facebook
CL00392,Nom_392,Prenom_392,user392@test.com,1993-11-01,M,casa,0600000000,2023-05-10,Facebook
CL00393,Nom_393,Prenom_393,user393@test.com,2001-10-06,Homme,casa,0600000000,2023-05-10,Facebook
CL00394,Nom_394,Prenom_394,user394@test.com,1982-03-05,F,Tnja,0600000000,2023-05-10,Facebook
CL00395,Nom_395,Prenom_395,user395@test.com,2002-06-18,M,CASABLANCA,0600000000,2023-05-10,Facebook
CL00396,Nom_396,Prenom_396,user396@test.com,2001-08-07,0,casa,0600000000,2023-05-10,Facebook
CL00397,Nom_397,Prenom_397,user397@test.com,1997-07-08,M,tanger,0600000000,2023-05-10,Facebook
CL00398,Nom_398,Prenom_398,user398@test.com,1976-12-06,1,tanger,0600000000,2023-05-10,Facebook
CL00399,Nom_399,Prenom_399,user399@test.com,1982-02-18,0,TNG,0600000000,2023-05-10,Facebook
CL00400,Nom_400,Prenom_400,user400@test.com,1996-05-30,Femme,tanger,0600000000,2023-05-10,Facebook
CL00401,Nom_401,Prenom_401,user401@test.com,1982-01-27,M,rabat,0600000000,2023-05-10,Facebook
CL00402,Nom_402,Prenom_402,user402@test.com,2002-03-31,M,CASABLANCA,0600000000,2023-05-10,Facebook
CL00403,Nom_403,Prenom_403,user403@test.com,1997-05-20,Femme,tanger,0600000000,2023-05-10,Facebook
CL00404,Nom_404,Prenom_404,user404@test.com,2050-01-01,M,tanger,0600000000,2023-05-10,Facebook
CL00405,Nom_405,Prenom_405,user405@test.com,2002-02-12,Femme,TNG,0600000000,2023-05-10,Facebook
CL00406,Nom_406,Prenom_406,user406@test.com,1998-01-27,Femme,casa,0600000000,2023-05-10,Facebook
CL00407,Nom_407,Prenom_407,user407@test.com,1977-03-09,M,TNG,0600000000,2023-05-10,Facebook
CL00408,Nom_408,Prenom_408,user408@test.com,1994-07-15,M,Tnja,0600000000,2023-05-10,Facebook
CL00409,Nom_409,Prenom_409,user409@test.com,1986-12-24,M,casa,0600000000,2023-05-10,Facebook
CL00410,Nom_410,Prenom_410,user410@test.com,1998-07-13,f,TNG,0600000000,2023-05-10,Facebook
CL00411,Nom_411,Prenom_411,user411@test.com,2003-04-26,f,TNG,0600000000,2023-05-10,Facebook
CL00412,Nom_412,Prenom_412,user412@test.com,1987-08-30,F,Tnja,0600000000,2023-05-10,Facebook
CL00413,Nom_413,Prenom_413,user413@test.com,2003-08-09,Homme,Tnja,0600000000,2023-05-10,Facebook
CL00414,Nom_414,Prenom_414,user414@test.com,1984-05-13,F,TNG,0600000000,2023-05-10,Facebook
CL00415,Nom_415,Prenom_415,user415@test.com,1976-12-07,f,Tnja,0600000000,2023-05-10,Facebook
CL00416,Nom_416,Prenom_416,user416@test.com,1984-06-02,f,TNG,0600000000,2023-05-10,Facebook
CL00417,Nom_417,Prenom_417,user417@test.com,1989-11-17,1,casa,0600000000,2023-05-10,Facebook
CL00418,Nom_418,Prenom_418,user418@test.com,1985-10-09,0,rabat,0600000000,2023-05-10,Facebook
CL00419,Nom_419,Prenom_419,user419@test.com,1979-12-22,M,CASABLANCA,0600000000,2023-05-10,Facebook
CL00420,Nom_420,Prenom_420,user420@test.com,1978-04-01,f,Tnja,0600000000,2023-05-10,Facebook
CL00421,Nom_421,Prenom_421,user421@test.com,1994-09-29,Homme,TNG,0600000000,2023-05-10,Facebook
CL00422,Nom_422,Prenom_422,user422@test.com,1985-10-31,1,TNG,0600000000,2023-05-10,Facebook
CL00423,Nom_423,Prenom_423,user423@test.com,1986-11-03,F,Tnja,0600000000,2023-05-10,Facebook
CL00424,Nom_424,Prenom_424,user424@test.com,2001-04-24,Femme,TNG,0600000000,2023-05-10,Facebook
CL00425,Nom_425,Prenom_425,user425@test.com,1997-01-16,0,casa,0600000000,2023-05-10,Facebook
CL00426,Nom_426,Prenom_426,user426@test.com,1987-09-28,0,Tnja,0600000000,2023-05-10,Facebook
CL00427,Nom_427,Prenom_427,faux_email_sans_arobase_ni_domaine,1992-02-23,M,tanger,0600000000,2023-05-10,Facebook
CL00428,Nom_428,Prenom_428,user428@test.com,1978-05-11,0,Tnja,0600000000,2023-05-10,Facebook
CL00429,Nom_429,Prenom_429,faux_email_sans_arobase_ni_domaine,1994-05-31,F,TNG,0600000000,2023-05-10,Facebook
CL00430,Nom_430,Prenom_430,faux_email_sans_arobase_ni_domaine,1978-10-11,F,tanger,0600000000,2023-05-10,Facebook
CL00431,Nom_431,Prenom_431,user431@test.com,1989-07-22,m,rabat,0600000000,2023-05-10,Facebook
CL00432,Nom_432,Prenom_432,user432@test.com,1985-08-03,M,casa,0600000000,2023-05-10,Facebook
CL00433,Nom_433,Prenom_433,user433@test.com,1984-06-11,M,casa,0600000000,2023-05-10,Facebook
CL00434,Nom_434,Prenom_434,user434@test.com,1987-05-08,1,casa,0600000000,2023-05-10,Facebook
CL00435,Nom_435,Prenom_435,user435@test.com,1980-07-24,0,rabat,0600000000,2023-05-10,Facebook
CL00436,Nom_436,Prenom_436,user436@test.com,1981-06-13,m,tanger,0600000000,2023-05-10,Facebook
CL00437,Nom_437,Prenom_437,user437@test.com,1996-03-11,Homme,CASABLANCA,0600000000,2023-05-10,Facebook
CL00438,Nom_438,Prenom_438,user438@test.com,1990-03-14,F,TNG,0600000000,2023-05-10,Facebook
CL00439,Nom_439,Prenom_439,user439@test.com,1979-02-03,M,TNG,0600000000,2023-05-10,Facebook
CL00440,Nom_440,Prenom_440,user440@test.com,1982-07-13,F,Tnja,0600000000,2023-05-10,Facebook
CL00441,Nom_441,Prenom_441,user441@test.com,1989-01-31,m,Tnja,0600000000,2023-05-10,Facebook
CL00442,Nom_442,Prenom_442,user442@test.com,1984-10-13,m,TNG,0600000000,2023-05-10,Facebook
CL00443,Nom_443,Prenom_443,faux_email_sans_arobase_ni_domaine,1987-01-04,m,casa,0600000000,2023-05-10,Facebook
CL00444,Nom_444,Prenom_444,user444@test.com,1980-02-08,f,TNG,0600000000,2023-05-10,Facebook
CL00445,Nom_445,Prenom_445,user445@test.com,1982-04-12,f,CASABLANCA,0600000000,2023-05-10,Facebook
CL00446,Nom_446,Prenom_446,user446@test.com,1976-06-17,F,CASABLANCA,0600000000,2023-05-10,Facebook
CL00447,Nom_447,Prenom_447,user447@test.com,1987-12-24,F,rabat,0600000000,2023-05-10,Facebook
CL00448,Nom_448,Prenom_448,user448@test.com,1987-01-27,m,tanger,0600000000,2023-05-10,Facebook
CL00449,Nom_449,Prenom_449,user449@test.com,1987-03-25,M,tanger,0600000000,2023-05-10,Facebook
CL00450,Nom_450,Prenom_450,user450@test.com,1984-04-30,0,casa,0600000000,2023-05-10,Facebook
CL00451,Nom_451,Prenom_451,user451@test.com,2000-01-31,Homme,TNG,0600000000,2023-05-10,Facebook
CL00452,Nom_452,Prenom_452,user452@test.com,1990-11-06,Femme,rabat,0600000000,2023-05-10,Facebook
CL00453,Nom_453,Prenom_453,user453@test.com,1992-05-12,0,tanger,0600000000,2023-05-10,Facebook
CL00454,Nom_454,Prenom_454,user454@test.com,1996-02-05,0,TNG,0600000000,2023-05-10,Facebook
CL00455,Nom_455,Prenom_455,user455@test.com,1997-07-24,Femme,TNG,0600000000,2023-05-10,Facebook
CL00456,Nom_456,Prenom_456,user456@test.com,1992-04-03,F,tanger,0600000000,2023-05-10,Facebook
CL00457,Nom_457,Prenom_457,faux_email_sans_arobase_ni_domaine,1979-12-09,1,rabat,0600000000,2023-05-10,Facebook
CL00458,Nom_458,Prenom_458,user458@test.com,2000-01-10,M,rabat,0600000000,2023-05-10,Facebook
CL00459,Nom_459,Prenom_459,user459@test.com,1992-03-06,F,rabat,0600000000,2023-05-10,Facebook
CL00460,Nom_460,Prenom_460,user460@test.com,1998-01-18,Femme,casa,0600000000,2023-05-10,Facebook
CL00461,Nom_461,Prenom_461,user461@test.com,1996-03-24,f,TNG,0600000000,2023-05-10,Facebook
CL00462,Nom_462,Prenom_462,user462@test.com,1984-01-25,m,Tnja,0600000000,2023-05-10,Facebook
CL00463,Nom_463,Prenom_463,user463@test.com,1987-02-24,f,rabat,0600000000,2023-05-10,Facebook
CL00464,Nom_464,Prenom_464,user464@test.com,1800-05-05,Femme,Tnja,0600000000,2023-05-10,Facebook
CL00465,Nom_465,Prenom_465,user465@test.com,1980-01-20,F,casa,0600000000,2023-05-10,Facebook
CL00466,Nom_466,Prenom_466,user466@test.com,1987-04-05,Homme,rabat,0600000000,2023-05-10,Facebook
CL00467,Nom_467,Prenom_467,user467@test.com,1993-10-29,m,tanger,0600000000,2023-05-10,Facebook
CL00468,Nom_468,Prenom_468,user468@test.com,1979-07-08,F,tanger,0600000000,2023-05-10,Facebook
CL00469,Nom_469,Prenom_469,user469@test.com,2002-12-13,Homme,CASABLANCA,0600000000,2023-05-10,Facebook
CL00470,Nom_470,Prenom_470,user470@test.com,2003-05-07,Femme,tanger,0600000000,2023-05-10,Facebook
CL00471,Nom_471,Prenom_471,user471@test.com,2002-10-26,Homme,CASABLANCA,0600000000,2023-05-10,Facebook
CL00472,Nom_472,Prenom_472,user472@test.com,1983-12-07,0,Tnja,0600000000,2023-05-10,Facebook
CL00473,Nom_473,Prenom_473,user473@test.com,1998-11-06,f,Tnja,0600000000,2023-05-10,Facebook
CL00474,Nom_474,Prenom_474,faux_email_sans_arobase_ni_domaine,1981-04-05,F,rabat,0600000000,2023-05-10,Facebook
CL00475,Nom_475,Prenom_475,user475@test.com,2050-01-01,Homme,casa,0600000000,2023-05-10,Facebook
CL00476,Nom_476,Prenom_476,user476@test.com,1993-05-25,F,casa,0600000000,2023-05-10,Facebook
CL00477,Nom_477,Prenom_477,user477@test.com,1981-06-26,F,CASABLANCA,0600000000,2023-05-10,Facebook
CL00478,Nom_478,Prenom_478,user478@test.com,1994-02-22,f,casa,0600000000,2023-05-10,Facebook
CL00479,Nom_479,Prenom_479,user479@test.com,1979-02-16,1,tanger,0600000000,2023-05-10,Facebook
CL00480,Nom_480,Prenom_480,user480@test.com,1978-10-02,0,casa,0600000000,2023-05-10,Facebook
CL00481,Nom_481,Prenom_481,user481@test.com,1981-05-10,1,tanger,0600000000,2023-05-10,Facebook
CL00482,Nom_482,Prenom_482,user482@test.com,1992-04-15,m,Tnja,0600000000,2023-05-10,Facebook
CL00483,Nom_483,Prenom_483,user483@test.com,1990-08-26,Femme,rabat,0600000000,2023-05-10,Facebook
CL00484,Nom_484,Prenom_484,user484@test.com,2001-10-30,Homme,CASABLANCA,0600000000,2023-05-10,Facebook
CL00485,Nom_485,Prenom_485,user485@test.com,1990-01-16,F,tanger,0600000000,2023-05-10,Facebook
CL00486,Nom_486,Prenom_486,user486@test.com,1985-04-19,1,Tnja,0600000000,2023-05-10,Facebook
CL00487,Nom_487,Prenom_487,user487@test.com,1999-01-25,Homme,TNG,0600000000,2023-05-10,Facebook
CL00488,Nom_488,Prenom_488,user488@test.com,2000-09-01,1,CASABLANCA,0600000000,2023-05-10,Facebook
CL00489,Nom_489,Prenom_489,user489@test.com,1989-10-02,f,Tnja,0600000000,2023-05-10,Facebook
CL00490,Nom_490,Prenom_490,user490@test.com,1996-03-14,0,casa,0600000000,2023-05-10,Facebook
CL00491,Nom_491,Prenom_491,user491@test.com,1980-09-15,Homme,tanger,0600000000,2023-05-10,Facebook
CL00492,Nom_492,Prenom_492,user492@test.com,1982-10-12,f,CASABLANCA,0600000000,2023-05-10,Facebook
CL00493,Nom_493,Prenom_493,user493@test.com,1999-06-17,M,TNG,0600000000,2023-05-10,Facebook
CL00494,Nom_494,Prenom_494,user494@test.com,2050-01-01,f,casa,0600000000,2023-05-10,Facebook
CL00495,Nom_495,Prenom_495,user495@test.com,1985-08-03,Homme,TNG,0600000000,2023-05-10,Facebook
CL00496,Nom_496,Prenom_496,user496@test.com,1989-12-23,m,casa,0600000000,2023-05-10,Facebook
CL00497,Nom_497,Prenom_497,user497@test.com,1996-05-01,F,tanger,0600000000,2023-05-10,Facebook
CL00498,Nom_498,Prenom_498,user498@test.com,1978-07-28,Homme,CASABLANCA,0600000000,2023-05-10,Facebook
CL00499,Nom_499,Prenom_499,user499@test.com,1989-04-10,f,casa,0600000000,2023-05-10,Facebook
CL00500,Nom_500,Prenom_500,user500@test.com,1979-08-21,0,Tnja,0600000000,2023-05-10,Facebook
CL00501,Nom_501,Prenom_501,user501@test.com,1992-07-24,0,Tnja,0600000000,2023-05-10,Facebook
CL00502,Nom_502,Prenom_502,user502@test.com,1987-11-18,1,Tnja,0600000000,2023-05-10,Facebook
CL00503,Nom_503,Prenom_503,user503@test.com,1992-08-19,0,tanger,0600000000,2023-05-10,Facebook
CL00504,Nom_504,Prenom_504,user504@test.com,1984-01-10,F,TNG,0600000000,2023-05-10,Facebook
CL00505,Nom_505,Prenom_505,user505@test.com,1988-09-06,F,casa,0600000000,2023-05-10,Facebook
CL00506,Nom_506,Prenom_506,user506@test.com,1995-04-17,M,TNG,0600000000,2023-05-10,Facebook
CL00507,Nom_507,Prenom_507,user507@test.com,1994-05-29,0,casa,0600000000,2023-05-10,Facebook
CL00508,Nom_508,Prenom_508,user508@test.com,1989-06-22,f,TNG,0600000000,2023-05-10,Facebook
CL00509,Nom_509,Prenom_509,user509@test.com,1979-06-11,F,CASABLANCA,0600000000,2023-05-10,Facebook
CL00510,Nom_510,Prenom_510,user510@test.com,1979-10-29,M,CASABLANCA,0600000000,2023-05-10,Facebook
CL00511,Nom_511,Prenom_511,user511@test.com,1985-05-10,m,rabat,0600000000,2023-05-10,Facebook
CL00512,Nom_512,Prenom_512,user512@test.com,1995-03-13,F,CASABLANCA,0600000000,2023-05-10,Facebook
CL00513,Nom_513,Prenom_513,user513@test.com,1994-01-30,m,CASABLANCA,0600000000,2023-05-10,Facebook
CL00514,Nom_514,Prenom_514,faux_email_sans_arobase_ni_domaine,2000-04-26,1,Tnja,0600000000,2023-05-10,Facebook
CL00515,Nom_515,Prenom_515,user515@test.com,1979-02-07,m,TNG,0600000000,2023-05-10,Facebook
CL00516,Nom_516,Prenom_516,user516@test.com,1978-11-30,f,rabat,0600000000,2023-05-10,Facebook
CL00517,Nom_517,Prenom_517,user517@test.com,1999-11-03,1,TNG,0600000000,2023-05-10,Facebook
CL00518,Nom_518,Prenom_518,user518@test.com,1997-04-25,1,TNG,0600000000,2023-05-10,Facebook
CL00519,Nom_519,Prenom_519,user519@test.com,1986-11-14,f,casa,0600000000,2023-05-10,Facebook
CL00520,Nom_520,Prenom_520,user520@test.com,1997-08-09,Homme,TNG,0600000000,2023-05-10,Facebook
CL00521,Nom_521,Prenom_521,user521@test.com,1986-07-31,m,TNG,0600000000,2023-05-10,Facebook
CL00522,Nom_522,Prenom_522,user522@test.com,2000-06-03,F,Tnja,0600000000,2023-05-10,Facebook
CL00523,Nom_523,Prenom_523,user523@test.com,2002-08-14,0,rabat,0600000000,2023-05-10,Facebook
CL00524,Nom_524,Prenom_524,user524@test.com,1981-11-01,Homme,casa,0600000000,2023-05-10,Facebook
CL00525,Nom_525,Prenom_525,user525@test.com,1985-10-16,M,CASABLANCA,0600000000,2023-05-10,Facebook
CL00526,Nom_526,Prenom_526,user526@test.com,1977-07-28,F,Tnja,0600000000,2023-05-10,Facebook
CL00527,Nom_527,Prenom_527,user527@test.com,1994-03-19,Femme,rabat,0600000000,2023-05-10,Facebook
CL00528,Nom_528,Prenom_528,faux_email_sans_arobase_ni_domaine,1987-03-31,Femme,CASABLANCA,0600000000,2023-05-10,Facebook
CL00529,Nom_529,Prenom_529,user529@test.com,1989-01-20,M,Tnja,0600000000,2023-05-10,Facebook
CL00530,Nom_530,Prenom_530,user530@test.com,1988-01-22,Homme,tanger,0600000000,2023-05-10,Facebook
CL00531,Nom_531,Prenom_531,user531@test.com,1980-02-21,Femme,Tnja,0600000000,2023-05-10,Facebook
CL00532,Nom_532,Prenom_532,user532@test.com,1993-05-05,Homme,tanger,0600000000,2023-05-10,Facebook
CL00533,Nom_533,Prenom_533,user533@test.com,1980-07-03,Homme,TNG,0600000000,2023-05-10,Facebook
CL00534,Nom_534,Prenom_534,user534@test.com,2001-02-02,m,Tnja,0600000000,2023-05-10,Facebook
CL00535,Nom_535,Prenom_535,user535@test.com,1996-07-11,f,Tnja,0600000000,2023-05-10,Facebook
CL00536,Nom_536,Prenom_536,user536@test.com,1986-05-17,f,tanger,0600000000,2023-05-10,Facebook
CL00537,Nom_537,Prenom_537,user537@test.com,1990-01-04,f,casa,0600000000,2023-05-10,Facebook
CL00538,Nom_538,Prenom_538,user538@test.com,1983-04-22,f,tanger,0600000000,2023-05-10,Facebook
CL00539,Nom_539,Prenom_539,user539@test.com,1992-09-27,M,tanger,0600000000,2023-05-10,Facebook
CL00540,Nom_540,Prenom_540,user540@test.com,1979-05-08,Femme,rabat,0600000000,2023-05-10,Facebook
CL00541,Nom_541,Prenom_541,user541@test.com,2003-04-08,1,rabat,0600000000,2023-05-10,Facebook
CL00542,Nom_542,Prenom_542,user542@test.com,1981-08-01,Femme,TNG,0600000000,2023-05-10,Facebook
CL00543,Nom_543,Prenom_543,user543@test.com,1979-03-04,m,TNG,0600000000,2023-05-10,Facebook
CL00544,Nom_544,Prenom_544,user544@test.com,1983-09-30,F,Tnja,0600000000,2023-05-10,Facebook
CL00545,Nom_545,Prenom_545,user545@test.com,1979-09-29,f,rabat,0600000000,2023-05-10,Facebook
CL00546,Nom_546,Prenom_546,user546@test.com,2003-01-13,f,casa,0600000000,2023-05-10,Facebook
CL00547,Nom_547,Prenom_547,user547@test.com,2002-01-31,M,CASABLANCA,0600000000,2023-05-10,Facebook
CL00548,Nom_548,Prenom_548,user548@test.com,1989-07-28,f,CASABLANCA,0600000000,2023-05-10,Facebook
CL00549,Nom_549,Prenom_549,user549@test.com,1980-06-01,1,Tnja,0600000000,2023-05-10,Facebook
CL00550,Nom_550,Prenom_550,user550@test.com,1982-01-11,f,TNG,0600000000,2023-05-10,Facebook
CL00551,Nom_551,Prenom_551,user551@test.com,1997-12-24,F,casa,0600000000,2023-05-10,Facebook
CL00552,Nom_552,Prenom_552,user552@test.com,1996-07-31,0,casa,0600000000,2023-05-10,Facebook
CL00553,Nom_553,Prenom_553,user553@test.com,1984-10-12,1,casa,0600000000,2023-05-10,Facebook
CL00554,Nom_554,Prenom_554,user554@test.com,1979-07-09,1,tanger,0600000000,2023-05-10,Facebook
CL00555,Nom_555,Prenom_555,user555@test.com,1988-09-21,Homme,TNG,0600000000,2023-05-10,Facebook
CL00556,Nom_556,Prenom_556,user556@test.com,1981-03-17,Homme,Tnja,0600000000,2023-05-10,Facebook
CL00557,Nom_557,Prenom_557,user557@test.com,1988-11-20,Femme,casa,0600000000,2023-05-10,Facebook
CL00558,Nom_558,Prenom_558,user558@test.com,1987-01-26,0,TNG,0600000000,2023-05-10,Facebook
CL00559,Nom_559,Prenom_559,user559@test.com,1989-01-16,1,tanger,0600000000,2023-05-10,Facebook
CL00560,Nom_560,Prenom_560,user560@test.com,2001-08-07,F,tanger,0600000000,2023-05-10,Facebook
CL00561,Nom_561,Prenom_561,user561@test.com,1988-11-24,M,rabat,0600000000,2023-05-10,Facebook
CL00562,Nom_562,Prenom_562,user562@test.com,1993-02-13,Homme,Tnja,0600000000,2023-05-10,Facebook
CL00563,Nom_563,Prenom_563,user563@test.com,2050-01-01,f,tanger,0600000000,2023-05-10,Facebook
CL00564,Nom_564,Prenom_564,user564@test.com,1998-01-31,M,tanger,0600000000,2023-05-10,Facebook
CL00565,Nom_565,Prenom_565,user565@test.com,1979-03-29,F,casa,0600000000,2023-05-10,Facebook
CL00566,Nom_566,Prenom_566,user566@test.com,1800-05-05,F,casa,0600000000,2023-05-10,Facebook
CL00567,Nom_567,Prenom_567,user567@test.com,1992-08-06,M,rabat,0600000000,2023-05-10,Facebook
CL00568,Nom_568,Prenom_568,user568@test.com,1995-12-31,m,rabat,0600000000,2023-05-10,Facebook
CL00569,Nom_569,Prenom_569,user569@test.com,1991-01-27,M,Tnja,0600000000,2023-05-10,Facebook
CL00570,Nom_570,Prenom_570,user570@test.com,1992-09-07,1,tanger,0600000000,2023-05-10,Facebook
CL00571,Nom_571,Prenom_571,user571@test.com,1990-01-01,F,casa,0600000000,2023-05-10,Facebook
CL00572,Nom_572,Prenom_572,user572@test.com,1991-11-17,0,rabat,0600000000,2023-05-10,Facebook
CL00573,Nom_573,Prenom_573,user573@test.com,1979-04-06,m,TNG,0600000000,2023-05-10,Facebook
CL00574,Nom_574,Prenom_574,faux_email_sans_arobase_ni_domaine,1996-09-08,Femme,CASABLANCA,0600000000,2023-05-10,Facebook
CL00575,Nom_575,Prenom_575,user575@test.com,1977-02-20,1,rabat,0600000000,2023-05-10,Facebook
CL00576,Nom_576,Prenom_576,user576@test.com,1996-12-21,Homme,casa,0600000000,2023-05-10,Facebook
CL00577,Nom_577,Prenom_577,user577@test.com,1998-11-11,M,CASABLANCA,0600000000,2023-05-10,Facebook
CL00578,Nom_578,Prenom_578,user578@test.com,2001-09-15,f,CASABLANCA,0600000000,2023-05-10,Facebook
CL00579,Nom_579,Prenom_579,faux_email_sans_arobase_ni_domaine,1987-12-10,Femme,rabat,0600000000,2023-05-10,Facebook
CL00580,Nom_580,Prenom_580,user580@test.com,1982-06-25,Femme,casa,0600000000,2023-05-10,Facebook
CL00581,Nom_581,Prenom_581,user581@test.com,1992-08-25,f,tanger,0600000000,2023-05-10,Facebook
CL00582,Nom_582,Prenom_582,user582@test.com,1997-12-26,f,TNG,0600000000,2023-05-10,Facebook
CL00583,Nom_583,Prenom_583,user583@test.com,1800-05-05,m,CASABLANCA,0600000000,2023-05-10,Facebook
CL00584,Nom_584,Prenom_584,user584@test.com,1990-08-14,Homme,tanger,0600000000,2023-05-10,Facebook
CL00585,Nom_585,Prenom_585,user585@test.com,1981-11-19,m,rabat,0600000000,2023-05-10,Facebook
CL00586,Nom_586,Prenom_586,user586@test.com,2000-12-24,f,rabat,0600000000,2023-05-10,Facebook
CL00587,Nom_587,Prenom_587,user587@test.com,2050-01-01,F,CASABLANCA,0600000000,2023-05-10,Facebook
CL00588,Nom_588,Prenom_588,user588@test.com,1979-05-14,Homme,tanger,0600000000,2023-05-10,Facebook
CL00589,Nom_589,Prenom_589,user589@test.com,1979-06-01,F,CASABLANCA,0600000000,2023-05-10,Facebook
CL00590,Nom_590,Prenom_590,user590@test.com,1998-11-04,f,Tnja,0600000000,2023-05-10,Facebook
CL00591,Nom_591,Prenom_591,user591@test.com,2000-04-23,m,rabat,0600000000,2023-05-10,Facebook
CL00592,Nom_592,Prenom_592,user592@test.com,1985-08-11,m,casa,0600000000,2023-05-10,Facebook
CL00593,Nom_593,Prenom_593,user593@test.com,1989-10-19,f,Tnja,0600000000,2023-05-10,Facebook
CL00594,Nom_594,Prenom_594,user594@test.com,1986-02-19,1,casa,0600000000,2023-05-10,Facebook
CL00595,Nom_595,Prenom_595,user595@test.com,1999-03-21,f,casa,0600000000,2023-05-10,Facebook
CL00596,Nom_596,Prenom_596,user596@test.com,1983-06-29,Femme,rabat,0600000000,2023-05-10,Facebook
CL00597,Nom_597,Prenom_597,user597@test.com,2000-12-22,1,Tnja,0600000000,2023-05-10,Facebook
CL00598,Nom_598,Prenom_598,user598@test.com,1977-03-27,f,Tnja,0600000000,2023-05-10,Facebook
CL00599,Nom_599,Prenom_599,user599@test.com,2001-05-10,F,tanger,0600000000,2023-05-10,Facebook
CL00600,Nom_600,Prenom_600,user600@test.com,1979-03-04,1,rabat,0600000000,2023-05-10,Facebook
CL00601,Nom_601,Prenom_601,user601@test.com,1996-03-08,Homme,tanger,0600000000,2023-05-10,Facebook
CL00602,Nom_602,Prenom_602,user602@test.com,1976-11-20,Homme,CASABLANCA,0600000000,2023-05-10,Facebook
CL00603,Nom_603,Prenom_603,user603@test.com,1980-01-20,F,Tnja,0600000000,2023-05-10,Facebook
CL00604,Nom_604,Prenom_604,user604@test.com,1985-07-03,M,rabat,0600000000,2023-05-10,Facebook
CL00605,Nom_605,Prenom_605,user605@test.com,2002-07-25,m,CASABLANCA,0600000000,2023-05-10,Facebook
CL00606,Nom_606,Prenom_606,user606@test.com,1983-01-23,M,TNG,0600000000,2023-05-10,Facebook
CL00607,Nom_607,Prenom_607,user607@test.com,1987-05-16,1,CASABLANCA,0600000000,2023-05-10,Facebook
CL00608,Nom_608,Prenom_608,user608@test.com,1998-07-22,f,TNG,0600000000,2023-05-10,Facebook
CL00609,Nom_609,Prenom_609,user609@test.com,2003-07-31,m,rabat,0600000000,2023-05-10,Facebook
CL00610,Nom_610,Prenom_610,user610@test.com,1981-06-21,m,Tnja,0600000000,2023-05-10,Facebook
CL00611,Nom_611,Prenom_611,user611@test.com,2050-01-01,Femme,Tnja,0600000000,2023-05-10,Facebook
CL00612,Nom_612,Prenom_612,user612@test.com,1989-06-06,m,casa,0600000000,2023-05-10,Facebook
CL00613,Nom_613,Prenom_613,user613@test.com,1994-01-24,F,casa,0600000000,2023-05-10,Facebook
CL00614,Nom_614,Prenom_614,user614@test.com,1984-10-17,m,Tnja,0600000000,2023-05-10,Facebook
CL00615,Nom_615,Prenom_615,user615@test.com,1993-09-30,M,casa,0600000000,2023-05-10,Facebook
CL00616,Nom_616,Prenom_616,user616@test.com,1987-08-31,f,CASABLANCA,0600000000,2023-05-10,Facebook
CL00617,Nom_617,Prenom_617,user617@test.com,1991-07-20,0,Tnja,0600000000,2023-05-10,Facebook
CL00618,Nom_618,Prenom_618,user618@test.com,1984-12-18,f,casa,0600000000,2023-05-10,Facebook
CL00619,Nom_619,Prenom_619,user619@test.com,1994-08-30,Homme,Tnja,0600000000,2023-05-10,Facebook
CL00620,Nom_620,Prenom_620,user620@test.com,1990-03-15,Homme,rabat,0600000000,2023-05-10,Facebook
CL00621,Nom_621,Prenom_621,user621@test.com,2002-09-10,0,tanger,0600000000,2023-05-10,Facebook
CL00622,Nom_622,Prenom_622,user622@test.com,1994-11-10,F,casa,0600000000,2023-05-10,Facebook
CL00623,Nom_623,Prenom_623,user623@test.com,1988-03-12,m,tanger,0600000000,2023-05-10,Facebook
CL00624,Nom_624,Prenom_624,user624@test.com,1999-08-29,F,tanger,0600000000,2023-05-10,Facebook
CL00625,Nom_625,Prenom_625,faux_email_sans_arobase_ni_domaine,2001-04-10,Femme,CASABLANCA,0600000000,2023-05-10,Facebook
CL00626,Nom_626,Prenom_626,user626@test.com,1984-04-25,Homme,tanger,0600000000,2023-05-10,Facebook
CL00627,Nom_627,Prenom_627,user627@test.com,1988-04-10,Homme,tanger,0600000000,2023-05-10,Facebook
CL00628,Nom_628,Prenom_628,user628@test.com,1993-12-12,m,casa,0600000000,2023-05-10,Facebook
CL00629,Nom_629,Prenom_629,user629@test.com,1800-05-05,Femme,tanger,0600000000,2023-05-10,Facebook
CL00630,Nom_630,Prenom_630,user630@test.com,1980-06-13,M,casa,0600000000,2023-05-10,Facebook
CL00631,Nom_631,Prenom_631,user631@test.com,1992-01-19,F,tanger,0600000000,2023-05-10,Facebook
CL00632,Nom_632,Prenom_632,user632@test.com,1984-04-19,Femme,CASABLANCA,0600000000,2023-05-10,Facebook
CL00633,Nom_633,Prenom_633,user633@test.com,1986-02-13,Femme,tanger,0600000000,2023-05-10,Facebook
CL00634,Nom_634,Prenom_634,user634@test.com,1984-06-15,Femme,casa,0600000000,2023-05-10,Facebook
CL00635,Nom_635,Prenom_635,user635@test.com,2001-06-28,F,tanger,0600000000,2023-05-10,Facebook
CL00636,Nom_636,Prenom_636,user636@test.com,1987-05-04,m,rabat,0600000000,2023-05-10,Facebook
CL00637,Nom_637,Prenom_637,user637@test.com,1996-12-03,m,casa,0600000000,2023-05-10,Facebook
CL00638,Nom_638,Prenom_638,user638@test.com,2000-05-29,f,rabat,0600000000,2023-05-10,Facebook
CL00639,Nom_639,Prenom_639,user639@test.com,1986-05-18,0,tanger,0600000000,2023-05-10,Facebook
CL00640,Nom_640,Prenom_640,user640@test.com,2002-11-16,Homme,casa,0600000000,2023-05-10,Facebook
CL00641,Nom_641,Prenom_641,faux_email_sans_arobase_ni_domaine,1993-01-28,M,rabat,0600000000,2023-05-10,Facebook
CL00642,Nom_642,Prenom_642,user642@test.com,2000-04-19,Femme,rabat,0600000000,2023-05-10,Facebook
CL00643,Nom_643,Prenom_643,user643@test.com,2000-06-08,m,tanger,0600000000,2023-05-10,Facebook
CL00644,Nom_644,Prenom_644,user644@test.com,1800-05-05,M,Tnja,0600000000,2023-05-10,Facebook
CL00645,Nom_645,Prenom_645,user645@test.com,1988-09-04,Femme,CASABLANCA,0600000000,2023-05-10,Facebook
CL00646,Nom_646,Prenom_646,user646@test.com,1997-09-12,M,CASABLANCA,0600000000,2023-05-10,Facebook
CL00647,Nom_647,Prenom_647,user647@test.com,1988-08-04,m,rabat,0600000000,2023-05-10,Facebook
CL00648,Nom_648,Prenom_648,user648@test.com,1984-12-21,Femme,Tnja,0600000000,2023-05-10,Facebook
CL00649,Nom_649,Prenom_649,user649@test.com,1985-07-09,M,TNG,0600000000,2023-05-10,Facebook
CL00650,Nom_650,Prenom_650,user650@test.com,1981-10-20,M,Tnja,0600000000,2023-05-10,Facebook
CL00651,Nom_651,Prenom_651,user651@test.com,2002-08-15,Homme,tanger,0600000000,2023-05-10,Facebook
CL00652,Nom_652,Prenom_652,user652@test.com,1984-06-10,f,casa,0600000000,2023-05-10,Facebook
CL00653,Nom_653,Prenom_653,user653@test.com,1985-11-21,F,rabat,0600000000,2023-05-10,Facebook
CL00654,Nom_654,Prenom_654,user654@test.com,2001-04-06,Homme,Tnja,0600000000,2023-05-10,Facebook
CL00655,Nom_655,Prenom_655,user655@test.com,1800-05-05,0,CASABLANCA,0600000000,2023-05-10,Facebook
CL00656,Nom_656,Prenom_656,user656@test.com,1980-02-25,Homme,tanger,0600000000,2023-05-10,Facebook
CL00657,Nom_657,Prenom_657,user657@test.com,1995-12-24,f,tanger,0600000000,2023-05-10,Facebook
CL00658,Nom_658,Prenom_658,user658@test.com,1992-09-08,Femme,TNG,0600000000,2023-05-10,Facebook
CL00659,Nom_659,Prenom_659,user659@test.com,1985-11-02,F,TNG,0600000000,2023-05-10,Facebook
CL00660,Nom_660,Prenom_660,user660@test.com,1998-02-11,0,casa,0600000000,2023-05-10,Facebook
CL00661,Nom_661,Prenom_661,user661@test.com,1994-10-22,Homme,Tnja,0600000000,2023-05-10,Facebook
CL00662,Nom_662,Prenom_662,user662@test.com,1986-02-21,1,TNG,0600000000,2023-05-10,Facebook
CL00663,Nom_663,Prenom_663,user663@test.com,1982-05-30,f,TNG,0600000000,2023-05-10,Facebook
CL00664,Nom_664,Prenom_664,user664@test.com,1988-09-28,Femme,tanger,0600000000,2023-05-10,Facebook
CL00665,Nom_665,Prenom_665,user665@test.com,1993-04-18,m,Tnja,0600000000,2023-05-10,Facebook
CL00666,Nom_666,Prenom_666,user666@test.com,1978-02-28,M,rabat,0600000000,2023-05-10,Facebook
CL00667,Nom_667,Prenom_667,user667@test.com,1987-10-29,0,CASABLANCA,0600000000,2023-05-10,Facebook
CL00668,Nom_668,Prenom_668,user668@test.com,1984-05-25,M,casa,0600000000,2023-05-10,Facebook
CL00669,Nom_669,Prenom_669,user669@test.com,2003-08-10,Homme,rabat,0600000000,2023-05-10,Facebook
CL00670,Nom_670,Prenom_670,user670@test.com,1977-08-11,F,casa,0600000000,2023-05-10,Facebook
CL00671,Nom_671,Prenom_671,user671@test.com,1999-04-29,Femme,CASABLANCA,0600000000,2023-05-10,Facebook
CL00672,Nom_672,Prenom_672,user672@test.com,1985-02-28,M,rabat,0600000000,2023-05-10,Facebook
CL00673,Nom_673,Prenom_673,user673@test.com,2001-02-14,1,tanger,0600000000,2023-05-10,Facebook
CL00674,Nom_674,Prenom_674,user674@test.com,1994-08-16,Femme,casa,0600000000,2023-05-10,Facebook
CL00675,Nom_675,Prenom_675,user675@test.com,1999-01-24,Homme,tanger,0600000000,2023-05-10,Facebook
CL00676,Nom_676,Prenom_676,user676@test.com,2003-02-09,F,casa,0600000000,2023-05-10,Facebook
CL00677,Nom_677,Prenom_677,user677@test.com,1998-07-01,m,TNG,0600000000,2023-05-10,Facebook
CL00678,Nom_678,Prenom_678,user678@test.com,1982-03-04,0,TNG,0600000000,2023-05-10,Facebook
CL00679,Nom_679,Prenom_679,user679@test.com,1986-08-16,Homme,Tnja,0600000000,2023-05-10,Facebook
CL00680,Nom_680,Prenom_680,faux_email_sans_arobase_ni_domaine,1978-08-22,M,casa,0600000000,2023-05-10,Facebook
CL00681,Nom_681,Prenom_681,user681@test.com,1992-07-26,0,Tnja,0600000000,2023-05-10,Facebook
CL00682,Nom_682,Prenom_682,user682@test.com,1983-05-03,F,rabat,0600000000,2023-05-10,Facebook
CL00683,Nom_683,Prenom_683,user683@test.com,1995-01-01,Homme,TNG,0600000000,2023-05-10,Facebook
CL00684,Nom_684,Prenom_684,user684@test.com,1990-02-02,Femme,CASABLANCA,0600000000,2023-05-10,Facebook
CL00685,Nom_685,Prenom_685,user685@test.com,1995-11-02,1,casa,0600000000,2023-05-10,Facebook
CL00686,Nom_686,Prenom_686,user686@test.com,1991-12-11,F,casa,0600000000,2023-05-10,Facebook
CL00687,Nom_687,Prenom_687,user687@test.com,2002-09-07,Homme,tanger,0600000000,2023-05-10,Facebook
CL00688,Nom_688,Prenom_688,user688@test.com,1983-11-06,f,TNG,0600000000,2023-05-10,Facebook
CL00689,Nom_689,Prenom_689,user689@test.com,1800-05-05,F,rabat,0600000000,2023-05-10,Facebook
CL00690,Nom_690,Prenom_690,user690@test.com,1992-11-30,F,tanger,0600000000,2023-05-10,Facebook
CL00691,Nom_691,Prenom_691,user691@test.com,1980-05-15,M,rabat,0600000000,2023-05-10,Facebook
CL00692,Nom_692,Prenom_692,user692@test.com,1985-06-15,m,tanger,0600000000,2023-05-10,Facebook
CL00693,Nom_693,Prenom_693,user693@test.com,1993-02-13,Homme,rabat,0600000000,2023-05-10,Facebook
CL00694,Nom_694,Prenom_694,user694@test.com,1800-05-05,Femme,rabat,0600000000,2023-05-10,Facebook
CL00695,Nom_695,Prenom_695,user695@test.com,1986-09-08,m,tanger,0600000000,2023-05-10,Facebook
CL00696,Nom_696,Prenom_696,user696@test.com,1998-12-28,0,TNG,0600000000,2023-05-10,Facebook
CL00697,Nom_697,Prenom_697,user697@test.com,1981-03-23,F,rabat,0600000000,2023-05-10,Facebook
CL00698,Nom_698,Prenom_698,user698@test.com,1992-11-17,Femme,TNG,0600000000,2023-05-10,Facebook
CL00699,Nom_699,Prenom_699,user699@test.com,1989-12-11,F,casa,0600000000,2023-05-10,Facebook
CL00700,Nom_700,Prenom_700,user700@test.com,1984-04-29,f,rabat,0600000000,2023-05-10,Facebook
CL00701,Nom_701,Prenom_701,user701@test.com,1990-02-05,0,casa,0600000000,2023-05-10,Facebook
CL00702,Nom_702,Prenom_702,user702@test.com,1996-04-18,0,tanger,0600000000,2023-05-10,Facebook
CL00703,Nom_703,Prenom_703,user703@test.com,2000-05-18,M,tanger,0600000000,2023-05-10,Facebook
CL00704,Nom_704,Prenom_704,user704@test.com,2002-12-01,f,tanger,0600000000,2023-05-10,Facebook
CL00705,Nom_705,Prenom_705,user705@test.com,1979-12-12,0,rabat,0600000000,2023-05-10,Facebook
CL00706,Nom_706,Prenom_706,user706@test.com,1976-04-26,m,TNG,0600000000,2023-05-10,Facebook
CL00707,Nom_707,Prenom_707,user707@test.com,1996-06-29,F,Tnja,0600000000,2023-05-10,Facebook
CL00708,Nom_708,Prenom_708,user708@test.com,1994-11-21,0,casa,0600000000,2023-05-10,Facebook
CL00709,Nom_709,Prenom_709,user709@test.com,1982-02-09,Femme,TNG,0600000000,2023-05-10,Facebook
CL00710,Nom_710,Prenom_710,user710@test.com,1978-01-31,Homme,CASABLANCA,0600000000,2023-05-10,Facebook
CL00711,Nom_711,Prenom_711,user711@test.com,1977-04-14,F,TNG,0600000000,2023-05-10,Facebook
CL00712,Nom_712,Prenom_712,user712@test.com,1995-03-16,1,rabat,0600000000,2023-05-10,Facebook
CL00713,Nom_713,Prenom_713,user713@test.com,1979-02-27,f,casa,0600000000,2023-05-10,Facebook
CL00714,Nom_714,Prenom_714,user714@test.com,1991-08-24,Femme,TNG,0600000000,2023-05-10,Facebook
CL00715,Nom_715,Prenom_715,user715@test.com,2003-03-04,F,TNG,0600000000,2023-05-10,Facebook
CL00716,Nom_716,Prenom_716,user716@test.com,1997-02-25,M,rabat,0600000000,2023-05-10,Facebook
CL00717,Nom_717,Prenom_717,faux_email_sans_arobase_ni_domaine,1987-11-19,F,tanger,0600000000,2023-05-10,Facebook
CL00718,Nom_718,Prenom_718,user718@test.com,1997-07-31,1,Tnja,0600000000,2023-05-10,Facebook
CL00719,Nom_719,Prenom_719,user719@test.com,2003-06-21,1,Tnja,0600000000,2023-05-10,Facebook
CL00720,Nom_720,Prenom_720,user720@test.com,1999-04-30,0,Tnja,0600000000,2023-05-10,Facebook
CL00721,Nom_721,Prenom_721,user721@test.com,1999-10-28,m,tanger,0600000000,2023-05-10,Facebook
CL00722,Nom_722,Prenom_722,user722@test.com,1996-03-13,Homme,CASABLANCA,0600000000,2023-05-10,Facebook
CL00723,Nom_723,Prenom_723,user723@test.com,1989-03-03,Femme,casa,0600000000,2023-05-10,Facebook
CL00724,Nom_724,Prenom_724,user724@test.com,1993-02-09,0,Tnja,0600000000,2023-05-10,Facebook
CL00725,Nom_725,Prenom_725,user725@test.com,2000-03-25,m,Tnja,0600000000,2023-05-10,Facebook
CL00726,Nom_726,Prenom_726,user726@test.com,1800-05-05,0,rabat,0600000000,2023-05-10,Facebook
CL00727,Nom_727,Prenom_727,user727@test.com,1985-05-18,M,tanger,0600000000,2023-05-10,Facebook
CL00728,Nom_728,Prenom_728,user728@test.com,1995-07-15,0,Tnja,0600000000,2023-05-10,Facebook
CL00729,Nom_729,Prenom_729,user729@test.com,1977-01-07,Homme,tanger,0600000000,2023-05-10,Facebook
CL00730,Nom_730,Prenom_730,user730@test.com,1982-09-15,1,TNG,0600000000,2023-05-10,Facebook
CL00731,Nom_731,Prenom_731,user731@test.com,1981-06-25,m,rabat,0600000000,2023-05-10,Facebook
CL00732,Nom_732,Prenom_732,user732@test.com,1977-04-20,f,rabat,0600000000,2023-05-10,Facebook
CL00733,Nom_733,Prenom_733,user733@test.com,1998-09-07,M,rabat,0600000000,2023-05-10,Facebook
CL00734,Nom_734,Prenom_734,user734@test.com,2002-05-16,M,rabat,0600000000,2023-05-10,Facebook
CL00735,Nom_735,Prenom_735,user735@test.com,2002-05-30,F,casa,0600000000,2023-05-10,Facebook
CL00736,Nom_736,Prenom_736,user736@test.com,1999-06-24,1,casa,0600000000,2023-05-10,Facebook
CL00737,Nom_737,Prenom_737,user737@test.com,1992-05-20,Femme,TNG,0600000000,2023-05-10,Facebook
CL00738,Nom_738,Prenom_738,user738@test.com,1978-12-29,f,TNG,0600000000,2023-05-10,Facebook
CL00739,Nom_739,Prenom_739,user739@test.com,2000-03-30,F,CASABLANCA,0600000000,2023-05-10,Facebook
CL00740,Nom_740,Prenom_740,user740@test.com,2001-02-16,f,TNG,0600000000,2023-05-10,Facebook
CL00741,Nom_741,Prenom_741,user741@test.com,1998-08-26,0,casa,0600000000,2023-05-10,Facebook
CL00742,Nom_742,Prenom_742,user742@test.com,1979-06-22,f,casa,0600000000,2023-05-10,Facebook
CL00743,Nom_743,Prenom_743,user743@test.com,1976-06-19,Femme,Tnja,0600000000,2023-05-10,Facebook
CL00744,Nom_744,Prenom_744,user744@test.com,2050-01-01,Femme,TNG,0600000000,2023-05-10,Facebook
CL00745,Nom_745,Prenom_745,user745@test.com,1996-08-18,0,CASABLANCA,0600000000,2023-05-10,Facebook
CL00746,Nom_746,Prenom_746,user746@test.com,2002-12-23,1,tanger,0600000000,2023-05-10,Facebook
CL00747,Nom_747,Prenom_747,user747@test.com,2001-01-29,f,CASABLANCA,0600000000,2023-05-10,Facebook
CL00748,Nom_748,Prenom_748,user748@test.com,2002-08-11,1,rabat,0600000000,2023-05-10,Facebook
CL00749,Nom_749,Prenom_749,user749@test.com,1986-11-10,f,CASABLANCA,0600000000,2023-05-10,Facebook
CL00750,Nom_750,Prenom_750,user750@test.com,1981-04-10,Femme,CASABLANCA,0600000000,2023-05-10,Facebook
CL00751,Nom_751,Prenom_751,user751@test.com,1999-03-24,f,rabat,0600000000,2023-05-10,Facebook
CL00752,Nom_752,Prenom_752,user752@test.com,1980-05-24,Homme,casa,0600000000,2023-05-10,Facebook
CL00753,Nom_753,Prenom_753,user753@test.com,1988-11-19,Femme,TNG,0600000000,2023-05-10,Facebook
CL00754,Nom_754,Prenom_754,user754@test.com,1986-10-06,0,TNG,0600000000,2023-05-10,Facebook
CL00755,Nom_755,Prenom_755,user755@test.com,2000-04-02,f,CASABLANCA,0600000000,2023-05-10,Facebook
CL00756,Nom_756,Prenom_756,user756@test.com,1976-09-23,Femme,CASABLANCA,0600000000,2023-05-10,Facebook
CL00757,Nom_757,Prenom_757,user757@test.com,1982-05-03,M,CASABLANCA,0600000000,2023-05-10,Facebook
CL00758,Nom_758,Prenom_758,user758@test.com,2000-10-10,Femme,tanger,0600000000,2023-05-10,Facebook
CL00759,Nom_759,Prenom_759,user759@test.com,1984-09-04,Homme,casa,0600000000,2023-05-10,Facebook
CL00760,Nom_760,Prenom_760,user760@test.com,1995-03-12,1,casa,0600000000,2023-05-10,Facebook
CL00761,Nom_761,Prenom_761,user761@test.com,2050-01-01,Femme,rabat,0600000000,2023-05-10,Facebook
CL00762,Nom_762,Prenom_762,user762@test.com,1996-07-30,F,tanger,0600000000,2023-05-10,Facebook
CL00763,Nom_763,Prenom_763,user763@test.com,2050-01-01,m,Tnja,0600000000,2023-05-10,Facebook
CL00764,Nom_764,Prenom_764,user764@test.com,2000-11-16,M,CASABLANCA,0600000000,2023-05-10,Facebook
CL00765,Nom_765,Prenom_765,user765@test.com,1990-08-05,Homme,TNG,0600000000,2023-05-10,Facebook
CL00766,Nom_766,Prenom_766,user766@test.com,1990-11-28,f,casa,0600000000,2023-05-10,Facebook
CL00767,Nom_767,Prenom_767,user767@test.com,2050-01-01,Homme,tanger,0600000000,2023-05-10,Facebook
CL00768,Nom_768,Prenom_768,user768@test.com,1982-11-20,0,casa,0600000000,2023-05-10,Facebook
CL00769,Nom_769,Prenom_769,user769@test.com,1984-11-26,f,casa,0600000000,2023-05-10,Facebook
CL00770,Nom_770,Prenom_770,user770@test.com,1985-07-16,0,CASABLANCA,0600000000,2023-05-10,Facebook
CL00771,Nom_771,Prenom_771,user771@test.com,1984-07-13,m,casa,0600000000,2023-05-10,Facebook
CL00772,Nom_772,Prenom_772,user772@test.com,1995-01-20,Homme,CASABLANCA,0600000000,2023-05-10,Facebook
CL00773,Nom_773,Prenom_773,user773@test.com,1995-07-04,M,Tnja,0600000000,2023-05-10,Facebook
CL00774,Nom_774,Prenom_774,faux_email_sans_arobase_ni_domaine,1982-11-27,Homme,CASABLANCA,0600000000,2023-05-10,Facebook
CL00775,Nom_775,Prenom_775,user775@test.com,1978-08-17,M,rabat,0600000000,2023-05-10,Facebook
CL00776,Nom_776,Prenom_776,user776@test.com,1992-08-27,0,tanger,0600000000,2023-05-10,Facebook
CL00777,Nom_777,Prenom_777,user777@test.com,1998-09-13,1,TNG,0600000000,2023-05-10,Facebook
CL00778,Nom_778,Prenom_778,user778@test.com,1986-12-10,1,TNG,0600000000,2023-05-10,Facebook
CL00779,Nom_779,Prenom_779,user779@test.com,1994-10-21,M,Tnja,0600000000,2023-05-10,Facebook
CL00780,Nom_780,Prenom_780,user780@test.com,1996-03-20,M,casa,0600000000,2023-05-10,Facebook
CL00781,Nom_781,Prenom_781,user781@test.com,1995-12-12,m,rabat,0600000000,2023-05-10,Facebook
CL00782,Nom_782,Prenom_782,user782@test.com,1981-01-31,f,tanger,0600000000,2023-05-10,Facebook
CL00783,Nom_783,Prenom_783,user783@test.com,1990-01-24,f,CASABLANCA,0600000000,2023-05-10,Facebook
CL00784,Nom_784,Prenom_784,user784@test.com,1985-09-18,M,casa,0600000000,2023-05-10,Facebook
CL00785,Nom_785,Prenom_785,user785@test.com,1993-09-29,F,tanger,0600000000,2023-05-10,Facebook
CL00786,Nom_786,Prenom_786,user786@test.com,2050-01-01,m,rabat,0600000000,2023-05-10,Facebook
CL00787,Nom_787,Prenom_787,user787@test.com,1994-09-09,Homme,CASABLANCA,0600000000,2023-05-10,Facebook
CL00788,Nom_788,Prenom_788,user788@test.com,1996-09-21,F,rabat,0600000000,2023-05-10,Facebook
CL00789,Nom_789,Prenom_789,user789@test.com,1992-10-02,Femme,rabat,0600000000,2023-05-10,Facebook
CL00790,Nom_790,Prenom_790,user790@test.com,1980-08-14,M,casa,0600000000,2023-05-10,Facebook
CL00791,Nom_791,Prenom_791,user791@test.com,2000-08-01,1,rabat,0600000000,2023-05-10,Facebook
CL00792,Nom_792,Prenom_792,user792@test.com,1996-02-07,Homme,casa,0600000000,2023-05-10,Facebook
CL00793,Nom_793,Prenom_793,user793@test.com,1987-03-21,f,casa,0600000000,2023-05-10,Facebook
CL00794,Nom_794,Prenom_794,user794@test.com,1982-04-05,M,tanger,0600000000,2023-05-10,Facebook
CL00795,Nom_795,Prenom_795,user795@test.com,1980-07-15,f,rabat,0600000000,2023-05-10,Facebook
CL00796,Nom_796,Prenom_796,user796@test.com,1976-05-07,f,TNG,0600000000,2023-05-10,Facebook
CL00797,Nom_797,Prenom_797,user797@test.com,1982-06-10,0,Tnja,0600000000,2023-05-10,Facebook
CL00798,Nom_798,Prenom_798,user798@test.com,1997-09-25,0,CASABLANCA,0600000000,2023-05-10,Facebook
CL00799,Nom_799,Prenom_799,user799@test.com,1998-02-15,f,tanger,0600000000,2023-05-10,Facebook
CL00800,Nom_800,Prenom_800,user800@test.com,2003-02-27,Femme,TNG,0600000000,2023-05-10,Facebook
CL00801,Nom_801,Prenom_801,user801@test.com,1986-04-24,m,TNG,0600000000,2023-05-10,Facebook
CL00802,Nom_802,Prenom_802,user802@test.com,1979-05-31,F,Tnja,0600000000,2023-05-10,Facebook
CL00803,Nom_803,Prenom_803,user803@test.com,1995-05-23,F,casa,0600000000,2023-05-10,Facebook
CL00804,Nom_804,Prenom_804,user804@test.com,2000-03-30,F,tanger,0600000000,2023-05-10,Facebook
CL00805,Nom_805,Prenom_805,user805@test.com,1995-04-11,1,CASABLANCA,0600000000,2023-05-10,Facebook
CL00806,Nom_806,Prenom_806,user806@test.com,1999-08-22,F,casa,0600000000,2023-05-10,Facebook
CL00807,Nom_807,Prenom_807,user807@test.com,2000-11-24,0,TNG,0600000000,2023-05-10,Facebook
CL00808,Nom_808,Prenom_808,user808@test.com,1985-09-13,Homme,tanger,0600000000,2023-05-10,Facebook
CL00809,Nom_809,Prenom_809,user809@test.com,1991-05-19,f,TNG,0600000000,2023-05-10,Facebook
CL00810,Nom_810,Prenom_810,faux_email_sans_arobase_ni_domaine,1982-02-22,m,tanger,0600000000,2023-05-10,Facebook
CL00811,Nom_811,Prenom_811,user811@test.com,1991-03-17,1,CASABLANCA,0600000000,2023-05-10,Facebook
CL00812,Nom_812,Prenom_812,user812@test.com,2002-02-13,1,casa,0600000000,2023-05-10,Facebook
CL00813,Nom_813,Prenom_813,user813@test.com,1990-04-16,Femme,rabat,0600000000,2023-05-10,Facebook
CL00814,Nom_814,Prenom_814,user814@test.com,1988-07-22,M,TNG,0600000000,2023-05-10,Facebook
CL00815,Nom_815,Prenom_815,user815@test.com,1998-05-26,M,rabat,0600000000,2023-05-10,Facebook
CL00816,Nom_816,Prenom_816,user816@test.com,1994-12-27,1,TNG,0600000000,2023-05-10,Facebook
CL00817,Nom_817,Prenom_817,user817@test.com,2003-02-27,f,casa,0600000000,2023-05-10,Facebook
CL00818,Nom_818,Prenom_818,user818@test.com,1979-07-15,M,casa,0600000000,2023-05-10,Facebook
CL00819,Nom_819,Prenom_819,user819@test.com,1978-04-05,F,CASABLANCA,0600000000,2023-05-10,Facebook
CL00820,Nom_820,Prenom_820,user820@test.com,1995-02-25,Femme,casa,0600000000,2023-05-10,Facebook
CL00821,Nom_821,Prenom_821,user821@test.com,1978-08-07,F,Tnja,0600000000,2023-05-10,Facebook
CL00822,Nom_822,Prenom_822,user822@test.com,1989-09-08,1,CASABLANCA,0600000000,2023-05-10,Facebook
CL00823,Nom_823,Prenom_823,user823@test.com,1978-01-17,f,rabat,0600000000,2023-05-10,Facebook
CL00824,Nom_824,Prenom_824,user824@test.com,1996-10-24,0,tanger,0600000000,2023-05-10,Facebook
CL00825,Nom_825,Prenom_825,user825@test.com,1999-03-16,Homme,Tnja,0600000000,2023-05-10,Facebook
CL00826,Nom_826,Prenom_826,user826@test.com,1979-06-12,1,rabat,0600000000,2023-05-10,Facebook
CL00827,Nom_827,Prenom_827,user827@test.com,1985-06-12,1,Tnja,0600000000,2023-05-10,Facebook
CL00828,Nom_828,Prenom_828,user828@test.com,1997-05-13,0,casa,0600000000,2023-05-10,Facebook
CL00829,Nom_829,Prenom_829,user829@test.com,2000-12-21,F,casa,0600000000,2023-05-10,Facebook
CL00830,Nom_830,Prenom_830,user830@test.com,1980-08-17,m,tanger,0600000000,2023-05-10,Facebook
CL00831,Nom_831,Prenom_831,faux_email_sans_arobase_ni_domaine,1989-06-12,M,Tnja,0600000000,2023-05-10,Facebook
CL00832,Nom_832,Prenom_832,user832@test.com,1979-03-25,m,CASABLANCA,0600000000,2023-05-10,Facebook
CL00833,Nom_833,Prenom_833,user833@test.com,1976-09-23,f,tanger,0600000000,2023-05-10,Facebook
CL00834,Nom_834,Prenom_834,user834@test.com,1998-04-21,m,TNG,0600000000,2023-05-10,Facebook
CL00835,Nom_835,Prenom_835,user835@test.com,1982-08-07,Femme,CASABLANCA,0600000000,2023-05-10,Facebook
CL00836,Nom_836,Prenom_836,user836@test.com,1980-03-01,M,TNG,0600000000,2023-05-10,Facebook
CL00837,Nom_837,Prenom_837,user837@test.com,1994-08-19,F,tanger,0600000000,2023-05-10,Facebook
CL00838,Nom_838,Prenom_838,user838@test.com,2002-02-22,Homme,Tnja,0600000000,2023-05-10,Facebook
CL00839,Nom_839,Prenom_839,user839@test.com,1990-03-24,m,Tnja,0600000000,2023-05-10,Facebook
CL00840,Nom_840,Prenom_840,user840@test.com,1995-05-02,m,CASABLANCA,0600000000,2023-05-10,Facebook
CL00841,Nom_841,Prenom_841,user841@test.com,1984-04-02,F,CASABLANCA,0600000000,2023-05-10,Facebook
CL00842,Nom_842,Prenom_842,user842@test.com,1991-10-21,M,CASABLANCA,0600000000,2023-05-10,Facebook
CL00843,Nom_843,Prenom_843,user843@test.com,1990-09-16,1,TNG,0600000000,2023-05-10,Facebook
CL00844,Nom_844,Prenom_844,user844@test.com,1995-07-22,M,Tnja,0600000000,2023-05-10,Facebook
CL00845,Nom_845,Prenom_845,user845@test.com,1997-01-02,f,casa,0600000000,2023-05-10,Facebook
CL00846,Nom_846,Prenom_846,user846@test.com,1990-12-30,0,casa,0600000000,2023-05-10,Facebook
CL00847,Nom_847,Prenom_847,user847@test.com,1977-09-21,1,CASABLANCA,0600000000,2023-05-10,Facebook
CL00848,Nom_848,Prenom_848,user848@test.com,1992-03-02,M,casa,0600000000,2023-05-10,Facebook
CL00849,Nom_849,Prenom_849,user849@test.com,1990-04-02,M,tanger,0600000000,2023-05-10,Facebook
CL00850,Nom_850,Prenom_850,user850@test.com,1978-03-22,1,rabat,0600000000,2023-05-10,Facebook
CL00851,Nom_851,Prenom_851,user851@test.com,1988-06-21,1,TNG,0600000000,2023-05-10,Facebook
CL00852,Nom_852,Prenom_852,user852@test.com,1994-12-31,1,tanger,0600000000,2023-05-10,Facebook
CL00853,Nom_853,Prenom_853,user853@test.com,2003-07-08,1,TNG,0600000000,2023-05-10,Facebook
CL00854,Nom_854,Prenom_854,user854@test.com,1976-12-30,1,CASABLANCA,0600000000,2023-05-10,Facebook
CL00855,Nom_855,Prenom_855,user855@test.com,1982-05-05,1,Tnja,0600000000,2023-05-10,Facebook
CL00856,Nom_856,Prenom_856,user856@test.com,1993-11-12,F,CASABLANCA,0600000000,2023-05-10,Facebook
CL00857,Nom_857,Prenom_857,user857@test.com,1994-06-06,0,casa,0600000000,2023-05-10,Facebook
CL00858,Nom_858,Prenom_858,user858@test.com,2002-01-22,Homme,Tnja,0600000000,2023-05-10,Facebook
CL00859,Nom_859,Prenom_859,user859@test.com,1980-04-05,Femme,tanger,0600000000,2023-05-10,Facebook
CL00860,Nom_860,Prenom_860,user860@test.com,2050-01-01,1,casa,0600000000,2023-05-10,Facebook
CL00861,Nom_861,Prenom_861,user861@test.com,1999-03-22,F,CASABLANCA,0600000000,2023-05-10,Facebook
CL00862,Nom_862,Prenom_862,user862@test.com,1993-08-11,f,rabat,0600000000,2023-05-10,Facebook
CL00863,Nom_863,Prenom_863,user863@test.com,1988-07-31,M,rabat,0600000000,2023-05-10,Facebook
CL00864,Nom_864,Prenom_864,user864@test.com,1979-03-18,M,CASABLANCA,0600000000,2023-05-10,Facebook
CL00865,Nom_865,Prenom_865,user865@test.com,1800-05-05,Homme,rabat,0600000000,2023-05-10,Facebook
CL00866,Nom_866,Prenom_866,user866@test.com,2000-06-16,Femme,rabat,0600000000,2023-05-10,Facebook
CL00867,Nom_867,Prenom_867,user867@test.com,1995-07-29,Femme,CASABLANCA,0600000000,2023-05-10,Facebook
CL00868,Nom_868,Prenom_868,user868@test.com,1991-03-10,F,TNG,0600000000,2023-05-10,Facebook
CL00869,Nom_869,Prenom_869,user869@test.com,2002-07-28,1,casa,0600000000,2023-05-10,Facebook
CL00870,Nom_870,Prenom_870,user870@test.com,1984-12-04,m,rabat,0600000000,2023-05-10,Facebook
CL00871,Nom_871,Prenom_871,user871@test.com,1982-01-15,F,CASABLANCA,0600000000,2023-05-10,Facebook
CL00872,Nom_872,Prenom_872,user872@test.com,1990-07-01,1,rabat,0600000000,2023-05-10,Facebook
CL00873,Nom_873,Prenom_873,user873@test.com,2001-12-04,f,TNG,0600000000,2023-05-10,Facebook
CL00874,Nom_874,Prenom_874,user874@test.com,1993-01-14,Homme,casa,0600000000,2023-05-10,Facebook
CL00875,Nom_875,Prenom_875,faux_email_sans_arobase_ni_domaine,1991-08-05,M,rabat,0600000000,2023-05-10,Facebook
CL00876,Nom_876,Prenom_876,user876@test.com,1998-11-14,m,casa,0600000000,2023-05-10,Facebook
CL00877,Nom_877,Prenom_877,user877@test.com,1977-08-13,f,casa,0600000000,2023-05-10,Facebook
CL00878,Nom_878,Prenom_878,user878@test.com,2001-05-15,0,CASABLANCA,0600000000,2023-05-10,Facebook
CL00879,Nom_879,Prenom_879,user879@test.com,1996-05-10,Femme,rabat,0600000000,2023-05-10,Facebook
CL00880,Nom_880,Prenom_880,user880@test.com,2000-05-23,m,tanger,0600000000,2023-05-10,Facebook
CL00881,Nom_881,Prenom_881,user881@test.com,1977-02-28,m,Tnja,0600000000,2023-05-10,Facebook
CL00882,Nom_882,Prenom_882,user882@test.com,1983-01-09,Femme,Tnja,0600000000,2023-05-10,Facebook
CL00883,Nom_883,Prenom_883,user883@test.com,1990-01-22,1,rabat,0600000000,2023-05-10,Facebook
CL00884,Nom_884,Prenom_884,user884@test.com,1990-08-08,0,CASABLANCA,0600000000,2023-05-10,Facebook
CL00885,Nom_885,Prenom_885,user885@test.com,1990-10-23,Homme,casa,0600000000,2023-05-10,Facebook
CL00886,Nom_886,Prenom_886,user886@test.com,1981-09-14,Homme,rabat,0600000000,2023-05-10,Facebook
CL00887,Nom_887,Prenom_887,user887@test.com,2050-01-01,1,rabat,0600000000,2023-05-10,Facebook
CL00888,Nom_888,Prenom_888,user888@test.com,1998-11-10,0,TNG,0600000000,2023-05-10,Facebook
CL00889,Nom_889,Prenom_889,user889@test.com,1998-01-14,1,TNG,0600000000,2023-05-10,Facebook
CL00890,Nom_890,Prenom_890,user890@test.com,1983-06-28,Homme,casa,0600000000,2023-05-10,Facebook
CL00891,Nom_891,Prenom_891,user891@test.com,1982-03-05,M,casa,0600000000,2023-05-10,Facebook
CL00892,Nom_892,Prenom_892,user892@test.com,1800-05-05,Homme,CASABLANCA,0600000000,2023-05-10,Facebook
CL00893,Nom_893,Prenom_893,user893@test.com,1984-11-13,m,Tnja,0600000000,2023-05-10,Facebook
CL00894,Nom_894,Prenom_894,user894@test.com,1996-02-04,M,rabat,0600000000,2023-05-10,Facebook
CL00895,Nom_895,Prenom_895,user895@test.com,1980-01-01,F,tanger,0600000000,2023-05-10,Facebook
CL00896,Nom_896,Prenom_896,user896@test.com,1984-03-07,Homme,CASABLANCA,0600000000,2023-05-10,Facebook
CL00897,Nom_897,Prenom_897,user897@test.com,1992-07-17,M,tanger,0600000000,2023-05-10,Facebook
CL00898,Nom_898,Prenom_898,user898@test.com,1982-01-08,1,Tnja,0600000000,2023-05-10,Facebook
CL00899,Nom_899,Prenom_899,user899@test.com,1976-07-01,m,casa,0600000000,2023-05-10,Facebook
CL00900,Nom_900,Prenom_900,user900@test.com,1981-02-16,M,casa,0600000000,2023-05-10,Facebook
CL00901,Nom_901,Prenom_901,faux_email_sans_arobase_ni_domaine,1994-07-07,Femme,casa,0600000000,2023-05-10,Facebook
CL00902,Nom_902,Prenom_902,user902@test.com,2050-01-01,F,CASABLANCA,0600000000,2023-05-10,Facebook
CL00903,Nom_903,Prenom_903,user903@test.com,1997-05-08,M,CASABLANCA,0600000000,2023-05-10,Facebook
CL00904,Nom_904,Prenom_904,user904@test.com,2000-07-02,Homme,TNG,0600000000,2023-05-10,Facebook
CL00905,Nom_905,Prenom_905,faux_email_sans_arobase_ni_domaine,1991-10-14,F,CASABLANCA,0600000000,2023-05-10,Facebook
CL00906,Nom_906,Prenom_906,user906@test.com,1987-09-28,Femme,Tnja,0600000000,2023-05-10,Facebook
CL00907,Nom_907,Prenom_907,user907@test.com,1978-08-09,1,Tnja,0600000000,2023-05-10,Facebook
CL00908,Nom_908,Prenom_908,user908@test.com,1985-11-16,Femme,CASABLANCA,0600000000,2023-05-10,Facebook
CL00909,Nom_909,Prenom_909,user909@test.com,2001-12-06,Homme,Tnja,0600000000,2023-05-10,Facebook
CL00910,Nom_910,Prenom_910,user910@test.com,1988-09-06,F,CASABLANCA,0600000000,2023-05-10,Facebook
CL00911,Nom_911,Prenom_911,user911@test.com,1985-11-28,f,Tnja,0600000000,2023-05-10,Facebook
CL00912,Nom_912,Prenom_912,user912@test.com,1983-05-29,Femme,Tnja,0600000000,2023-05-10,Facebook
CL00913,Nom_913,Prenom_913,user913@test.com,2001-10-23,m,Tnja,0600000000,2023-05-10,Facebook
CL00914,Nom_914,Prenom_914,user914@test.com,1980-01-30,f,Tnja,0600000000,2023-05-10,Facebook
CL00915,Nom_915,Prenom_915,user915@test.com,1989-06-22,m,TNG,0600000000,2023-05-10,Facebook
CL00916,Nom_916,Prenom_916,user916@test.com,1977-09-12,Homme,rabat,0600000000,2023-05-10,Facebook
CL00917,Nom_917,Prenom_917,user917@test.com,1993-10-18,0,TNG,0600000000,2023-05-10,Facebook
CL00918,Nom_918,Prenom_918,user918@test.com,2050-01-01,f,rabat,0600000000,2023-05-10,Facebook
CL00919,Nom_919,Prenom_919,user919@test.com,1988-04-15,Femme,tanger,0600000000,2023-05-10,Facebook
CL00920,Nom_920,Prenom_920,user920@test.com,1979-11-29,Homme,TNG,0600000000,2023-05-10,Facebook
CL00921,Nom_921,Prenom_921,user921@test.com,1980-06-10,Femme,casa,0600000000,2023-05-10,Facebook
CL00922,Nom_922,Prenom_922,user922@test.com,2001-11-29,Homme,Tnja,0600000000,2023-05-10,Facebook
CL00923,Nom_923,Prenom_923,user923@test.com,1993-02-16,M,Tnja,0600000000,2023-05-10,Facebook
CL00924,Nom_924,Prenom_924,user924@test.com,1986-03-02,Femme,casa,0600000000,2023-05-10,Facebook
CL00925,Nom_925,Prenom_925,user925@test.com,1980-03-05,F,CASABLANCA,0600000000,2023-05-10,Facebook
CL00926,Nom_926,Prenom_926,user926@test.com,1988-04-02,M,rabat,0600000000,2023-05-10,Facebook
CL00927,Nom_927,Prenom_927,user927@test.com,1980-05-11,f,tanger,0600000000,2023-05-10,Facebook
CL00928,Nom_928,Prenom_928,user928@test.com,1997-10-12,M,TNG,0600000000,2023-05-10,Facebook
CL00929,Nom_929,Prenom_929,user929@test.com,1988-07-16,Femme,CASABLANCA,0600000000,2023-05-10,Facebook
CL00930,Nom_930,Prenom_930,user930@test.com,1985-08-26,M,CASABLANCA,0600000000,2023-05-10,Facebook
CL00931,Nom_931,Prenom_931,user931@test.com,1985-10-30,F,rabat,0600000000,2023-05-10,Facebook
CL00932,Nom_932,Prenom_932,user932@test.com,1989-10-26,0,casa,0600000000,2023-05-10,Facebook
CL00933,Nom_933,Prenom_933,user933@test.com,1980-09-11,Homme,rabat,0600000000,2023-05-10,Facebook
CL00934,Nom_934,Prenom_934,user934@test.com,2002-10-19,F,Tnja,0600000000,2023-05-10,Facebook
CL00935,Nom_935,Prenom_935,user935@test.com,1994-05-14,0,CASABLANCA,0600000000,2023-05-10,Facebook
CL00936,Nom_936,Prenom_936,user936@test.com,1981-01-27,f,rabat,0600000000,2023-05-10,Facebook
CL00937,Nom_937,Prenom_937,user937@test.com,1983-10-19,M,tanger,0600000000,2023-05-10,Facebook
CL00938,Nom_938,Prenom_938,user938@test.com,1995-05-04,f,Tnja,0600000000,2023-05-10,Facebook
CL00939,Nom_939,Prenom_939,user939@test.com,1981-03-29,f,tanger,0600000000,2023-05-10,Facebook
CL00940,Nom_940,Prenom_940,user940@test.com,1800-05-05,f,tanger,0600000000,2023-05-10,Facebook
CL00941,Nom_941,Prenom_941,user941@test.com,1978-02-24,0,CASABLANCA,0600000000,2023-05-10,Facebook
CL00942,Nom_942,Prenom_942,user942@test.com,2000-11-20,F,TNG,0600000000,2023-05-10,Facebook
CL00943,Nom_943,Prenom_943,user943@test.com,2001-02-21,f,Tnja,0600000000,2023-05-10,Facebook
CL00944,Nom_944,Prenom_944,user944@test.com,1991-01-17,m,TNG,0600000000,2023-05-10,Facebook
CL00945,Nom_945,Prenom_945,user945@test.com,1977-02-26,F,TNG,0600000000,2023-05-10,Facebook
CL00946,Nom_946,Prenom_946,user946@test.com,2002-02-14,0,tanger,0600000000,2023-05-10,Facebook
CL00947,Nom_947,Prenom_947,faux_email_sans_arobase_ni_domaine,1998-03-08,f,Tnja,0600000000,2023-05-10,Facebook
CL00948,Nom_948,Prenom_948,user948@test.com,2002-02-23,Homme,rabat,0600000000,2023-05-10,Facebook
CL00949,Nom_949,Prenom_949,user949@test.com,1988-01-26,Homme,casa,0600000000,2023-05-10,Facebook
CL00950,Nom_950,Prenom_950,user950@test.com,1988-07-25,M,rabat,0600000000,2023-05-10,Facebook
CL00951,Nom_951,Prenom_951,user951@test.com,1980-11-20,F,CASABLANCA,0600000000,2023-05-10,Facebook
CL00952,Nom_952,Prenom_952,user952@test.com,1996-03-10,Homme,casa,0600000000,2023-05-10,Facebook
CL00953,Nom_953,Prenom_953,user953@test.com,1984-04-24,M,Tnja,0600000000,2023-05-10,Facebook
CL00954,Nom_954,Prenom_954,user954@test.com,1988-11-28,0,rabat,0600000000,2023-05-10,Facebook
CL00955,Nom_955,Prenom_955,user955@test.com,1996-02-06,Homme,casa,0600000000,2023-05-10,Facebook
CL00956,Nom_956,Prenom_956,user956@test.com,2050-01-01,Femme,TNG,0600000000,2023-05-10,Facebook
CL00957,Nom_957,Prenom_957,user957@test.com,1976-05-30,m,tanger,0600000000,2023-05-10,Facebook
CL00958,Nom_958,Prenom_958,user958@test.com,2002-05-31,m,casa,0600000000,2023-05-10,Facebook
CL00959,Nom_959,Prenom_959,user959@test.com,1987-06-29,f,casa,0600000000,2023-05-10,Facebook
CL00960,Nom_960,Prenom_960,user960@test.com,1988-12-17,Homme,CASABLANCA,0600000000,2023-05-10,Facebook
CL00961,Nom_961,Prenom_961,user961@test.com,1999-03-16,1,rabat,0600000000,2023-05-10,Facebook
CL00962,Nom_962,Prenom_962,user962@test.com,1982-05-26,Femme,Tnja,0600000000,2023-05-10,Facebook
CL00963,Nom_963,Prenom_963,user963@test.com,1978-02-20,M,Tnja,0600000000,2023-05-10,Facebook
CL00964,Nom_964,Prenom_964,user964@test.com,1994-05-17,Homme,CASABLANCA,0600000000,2023-05-10,Facebook
CL00965,Nom_965,Prenom_965,user965@test.com,2003-01-11,m,CASABLANCA,0600000000,2023-05-10,Facebook
CL00966,Nom_966,Prenom_966,user966@test.com,2001-12-22,m,CASABLANCA,0600000000,2023-05-10,Facebook
CL00967,Nom_967,Prenom_967,user967@test.com,1985-11-06,M,Tnja,0600000000,2023-05-10,Facebook
CL00968,Nom_968,Prenom_968,user968@test.com,1991-12-24,f,rabat,0600000000,2023-05-10,Facebook
CL00969,Nom_969,Prenom_969,user969@test.com,1999-10-17,f,rabat,0600000000,2023-05-10,Facebook
CL00970,Nom_970,Prenom_970,user970@test.com,1995-03-12,1,Tnja,0600000000,2023-05-10,Facebook
CL00971,Nom_971,Prenom_971,user971@test.com,1976-06-17,0,TNG,0600000000,2023-05-10,Facebook
CL00972,Nom_972,Prenom_972,user972@test.com,1980-01-20,0,Tnja,0600000000,2023-05-10,Facebook
CL00973,Nom_973,Prenom_973,user973@test.com,1982-11-16,0,TNG,0600000000,2023-05-10,Facebook
CL00974,Nom_974,Prenom_974,user974@test.com,1985-01-13,f,TNG,0600000000,2023-05-10,Facebook
CL00975,Nom_975,Prenom_975,user975@test.com,1995-05-12,M,tanger,0600000000,2023-05-10,Facebook
CL00976,Nom_976,Prenom_976,user976@test.com,2001-10-22,Femme,rabat,0600000000,2023-05-10,Facebook
CL00977,Nom_977,Prenom_977,user977@test.com,1995-09-23,0,rabat,0600000000,2023-05-10,Facebook
CL00978,Nom_978,Prenom_978,user978@test.com,1999-05-08,0,CASABLANCA,0600000000,2023-05-10,Facebook
CL00979,Nom_979,Prenom_979,user979@test.com,1999-08-29,1,CASABLANCA,0600000000,2023-05-10,Facebook
CL00980,Nom_980,Prenom_980,user980@test.com,1998-11-19,Femme,CASABLANCA,0600000000,2023-05-10,Facebook
CL00981,Nom_981,Prenom_981,user981@test.com,2002-02-17,Femme,TNG,0600000000,2023-05-10,Facebook
CL00982,Nom_982,Prenom_982,user982@test.com,1995-04-10,f,TNG,0600000000,2023-05-10,Facebook
CL00983,Nom_983,Prenom_983,user983@test.com,1984-12-18,f,casa,0600000000,2023-05-10,Facebook
CL00984,Nom_984,Prenom_984,user984@test.com,1991-02-16,Femme,rabat,0600000000,2023-05-10,Facebook
CL00985,Nom_985,Prenom_985,user985@test.com,1999-03-27,M,tanger,0600000000,2023-05-10,Facebook
CL00986,Nom_986,Prenom_986,user986@test.com,1978-05-26,M,TNG,0600000000,2023-05-10,Facebook
CL00987,Nom_987,Prenom_987,user987@test.com,2001-03-13,Femme,CASABLANCA,0600000000,2023-05-10,Facebook
CL00988,Nom_988,Prenom_988,user988@test.com,1984-06-12,Femme,TNG,0600000000,2023-05-10,Facebook
CL00989,Nom_989,Prenom_989,user989@test.com,2002-04-10,f,CASABLANCA,0600000000,2023-05-10,Facebook
CL00990,Nom_990,Prenom_990,user990@test.com,1988-06-02,1,CASABLANCA,0600000000,2023-05-10,Facebook
CL00991,Nom_991,Prenom_991,user991@test.com,1994-06-01,1,casa,0600000000,2023-05-10,Facebook
CL00992,Nom_992,Prenom_992,faux_email_sans_arobase_ni_domaine,1983-07-14,0,CASABLANCA,0600000000,2023-05-10,Facebook
CL00993,Nom_993,Prenom_993,user993@test.com,1984-01-10,0,Tnja,0600000000,2023-05-10,Facebook
CL00994,Nom_994,Prenom_994,user994@test.com,1985-10-01,M,CASABLANCA,0600000000,2023-05-10,Facebook
CL00995,Nom_995,Prenom_995,user995@test.com,1977-12-02,m,casa,0600000000,2023-05-10,Facebook
CL00996,Nom_996,Prenom_996,user996@test.com,1990-01-05,Femme,tanger,0600000000,2023-05-10,Facebook
CL00997,Nom_997,Prenom_997,user997@test.com,1986-01-12,Homme,Tnja,0600000000,2023-05-10,Facebook
CL00998,Nom_998,Prenom_998,user998@test.com,1986-09-13,m,casa,0600000000,2023-05-10,Facebook
CL00999,Nom_999,Prenom_999,user999@test.com,1989-02-02,Homme,casa,0600000000,2023-05-10,Facebook
CL_DUB_0,Nom_571,Prenom_571,user571@test.com,1990-01-01,F,casa,0600000000,2023-05-10,Facebook
CL_DUB_1,Nom_63,Prenom_63,user63@test.com,1998-10-24,m,tanger,0600000000,2023-05-10,Facebook
CL_DUB_2,Nom_442,Prenom_442,user442@test.com,1984-10-13,m,TNG,0600000000,2023-05-10,Facebook
CL_DUB_3,Nom_898,Prenom_898,user898@test.com,1982-01-08,1,Tnja,0600000000,2023-05-10,Facebook
CL_DUB_4,Nom_846,Prenom_846,user846@test.com,1990-12-30,0,casa,0600000000,2023-05-10,Facebook
CL_DUB_5,Nom_116,Prenom_116,user116@test.com,1997-03-21,0,casa,0600000000,2023-05-10,Facebook
CL_DUB_6,Nom_597,Prenom_597,user597@test.com,2000-12-22,1,Tnja,0600000000,2023-05-10,Facebook
CL_DUB_7,Nom_901,Prenom_901,faux_email_sans_arobase_ni_domaine,1994-07-07,Femme,casa,0600000000,2023-05-10,Facebook
CL_DUB_8,Nom_801,Prenom_801,user801@test.com,1986-04-24,m,TNG,0600000000,2023-05-10,Facebook
CL_DUB_9,Nom_74,Prenom_74,user74@test.com,1990-01-13,Femme,rabat,0600000000,2023-05-10,Facebook
CL_DUB_10,Nom_480,Prenom_480,user480@test.com,1978-10-02,0,casa,0600000000,2023-05-10,Facebook
CL_DUB_11,Nom_439,Prenom_439,user439@test.com,1979-02-03,M,TNG,0600000000,2023-05-10,Facebook
CL_DUB_12,Nom_493,Prenom_493,user493@test.com,1999-06-17,M,TNG,0600000000,2023-05-10,Facebook
CL_DUB_13,Nom_168,Prenom_168,user168@test.com,2050-01-01,M,rabat,0600000000,2023-05-10,Facebook
CL_DUB_14,Nom_857,Prenom_857,user857@test.com,1994-06-06,0,casa,0600000000,2023-05-10,Facebook
CL_DUB_15,Nom_502,Prenom_502,user502@test.com,1987-11-18,1,Tnja,0600000000,2023-05-10,Facebook
CL_DUB_16,Nom_153,Prenom_153,user153@test.com,1982-01-09,m,rabat,0600000000,2023-05-10,Facebook
CL_DUB_17,Nom_549,Prenom_549,user549@test.com,1980-06-01,1,Tnja,0600000000,2023-05-10,Facebook
CL_DUB_18,Nom_780,Prenom_780,user780@test.com,1996-03-20,M,casa,0600000000,2023-05-10,Facebook
CL_DUB_19,Nom_298,Prenom_298,user298@test.com,1984-07-08,Homme,casa,0600000000,2023-05-10,Facebook
CL_DUB_20,Nom_938,Prenom_938,user938@test.com,1995-05-04,f,Tnja,0600000000,2023-05-10,Facebook
CL_DUB_21,Nom_727,Prenom_727,user727@test.com,1985-05-18,M,tanger,0600000000,2023-05-10,Facebook
CL_DUB_22,Nom_771,Prenom_771,user771@test.com,1984-07-13,m,casa,0600000000,2023-05-10,Facebook
CL_DUB_23,Nom_3,Prenom_3,user3@test.com,1988-05-07,Homme,Tnja,0600000000,2023-05-10,Facebook
CL_DUB_24,Nom_864,Prenom_864,user864@test.com,1979-03-18,M,CASABLANCA,0600000000,2023-05-10,Facebook
CL_DUB_25,Nom_258,Prenom_258,user258@test.com,1982-03-27,m,casa,0600000000,2023-05-10,Facebook
CL_DUB_26,Nom_65,Prenom_65,user65@test.com,1996-04-25,Homme,Tnja,0600000000,2023-05-10,Facebook
CL_DUB_27,Nom_848,Prenom_848,user848@test.com,1992-03-02,M,casa,0600000000,2023-05-10,Facebook
CL_DUB_28,Nom_0,Prenom_0,user0@test.com,2050-01-01,Homme,rabat,0600000000,2023-05-10,Facebook
CL_DUB_29,Nom_47,Prenom_47,user47@test.com,1984-08-22,f,rabat,0600000000,2023-05-10,Facebook
